,TransactionAmount,ip_transactions_per_day,ips_per_acc,location_freq,Channel_Branch,Channel_Online,TransactionType_Debit,is_proxy
0,-0.9712754695068417,-0.1642645095836249,0.3949500495407011,-0.028446402356390392,0.0,0.0,1.0,0.0
1,0.2694396064236744,-0.1642645095836249,0.3949500495407011,0.5983725688651194,0.0,0.0,1.0,0.0
2,-0.5868816229808057,-0.1642645095836249,-0.9361517274444162,0.2849630832543645,0.0,1.0,1.0,0.0
3,-0.38745590278222686,-0.1642645095836249,0.8386506418690736,-0.028446402356390392,0.0,1.0,1.0,0.0
4,-0.9734680903782914,-0.1642645095836249,-0.04875054278767131,0.2849630832543645,0.0,1.0,0.0,0.0
5,-0.7038442425922038,-0.1642645095836249,0.8386506418690736,1.3818962828920065,0.0,0.0,1.0,0.0
6,-0.9952915199894398,-0.1642645095836249,-2.2672535044295334,0.2849630832543645,0.0,0.0,0.0,0.0
7,-0.43226759184248137,-0.1642645095836249,0.3949500495407011,-0.18515114516176784,1.0,0.0,0.0,0.0
8,-0.6556065834203091,-0.1642645095836249,-1.823552912101161,0.5983725688651194,1.0,0.0,0.0,0.0
9,1.7759071839141245,-0.1642645095836249,0.3949500495407011,-0.6552653735779002,0.0,0.0,1.0,0.0
10,-0.958633639794889,-0.1642645095836249,0.3949500495407011,-2.8491317728531844,0.0,1.0,0.0,0.0
11,-0.3685445477659726,-0.1642645095836249,0.3949500495407011,0.5983725688651194,0.0,1.0,1.0,0.0
12,0.674663351228483,-0.1642645095836249,-1.3798523197727885,0.2849630832543645,1.0,0.0,0.0,0.0
13,1.658739006096028,-0.1642645095836249,-0.04875054278767131,0.5983725688651194,0.0,0.0,1.0,0.0
14,-0.4474446394370476,-0.1642645095836249,-0.04875054278767131,-1.28208434479941,0.0,1.0,1.0,0.0
15,0.575070400083101,-0.1642645095836249,-1.823552912101161,0.4416678260597419,0.0,0.0,1.0,0.0
16,0.8846067996697973,-0.1642645095836249,0.3949500495407011,-0.028446402356390392,1.0,0.0,0.0,0.0
17,0.669216058750975,-0.1642645095836249,-0.04875054278767131,-0.8119701163832775,0.0,1.0,1.0,0.0
18,-0.9555502666944129,-0.1642645095836249,1.282351234197446,-2.8491317728531844,1.0,0.0,0.0,0.0
19,-0.7746590447998077,-0.1642645095836249,0.3949500495407011,-0.8119701163832775,0.0,1.0,0.0,0.0
20,-0.8163188413573532,-0.1642645095836249,0.3949500495407011,1.5386010256973839,1.0,0.0,1.0,0.0
21,-0.7257019319044686,-0.1642645095836249,1.282351234197446,-0.6552653735779002,1.0,0.0,1.0,0.0
22,-0.8407117485522317,-0.1642645095836249,0.8386506418690736,0.2849630832543645,0.0,1.0,1.0,0.0
23,0.16529011502981078,-0.1642645095836249,1.282351234197446,1.6953057685027615,0.0,1.0,1.0,0.0
24,-0.5209316983317309,-0.1642645095836249,1.282351234197446,-0.028446402356390392,0.0,1.0,1.0,0.0
25,-0.9938868722436672,-0.1642645095836249,0.3949500495407011,0.5983725688651194,0.0,1.0,0.0,0.0
26,-0.1735725887125261,-0.1642645095836249,-0.04875054278767131,0.7550773116704967,0.0,0.0,1.0,0.0
27,-0.8814122734785179,-0.1642645095836249,-0.4924511351160437,-0.6552653735779002,1.0,0.0,1.0,0.0
28,-0.5829074976513031,-0.1642645095836249,0.3949500495407011,-0.6552653735779002,0.0,1.0,1.0,0.0
29,-0.82711064720902,-0.1642645095836249,-1.3798523197727885,0.5983725688651194,1.0,0.0,1.0,0.0
30,-0.9225581745193173,-0.1642645095836249,0.3949500495407011,0.7550773116704967,0.0,1.0,0.0,0.0
31,-0.8170040353796812,-0.1642645095836249,0.3949500495407011,-1.28208434479941,0.0,0.0,1.0,0.0
32,0.33867846237992383,-0.1642645095836249,-0.9361517274444162,-0.18515114516176784,0.0,0.0,1.0,0.0
33,1.9878034353190734,6.087742279417393,-0.04875054278767131,1.5386010256973839,0.0,1.0,1.0,0.0
34,-0.1450342576825629,-0.1642645095836249,-0.4924511351160437,-0.3418558879671453,1.0,0.0,0.0,0.0
35,-0.5921233572516154,-0.1642645095836249,1.7260518265258185,0.2849630832543645,1.0,0.0,1.0,0.0
36,-0.7518763435574001,-0.1642645095836249,-0.9361517274444162,-0.6552653735779002,1.0,0.0,1.0,0.0
37,1.204866485705928,-0.1642645095836249,2.613453011182563,-0.028446402356390392,0.0,0.0,1.0,0.0
38,1.7051609011087532,-0.1642645095836249,0.3949500495407011,0.2849630832543645,0.0,0.0,1.0,0.0
39,0.1303109601899639,-0.1642645095836249,-0.04875054278767131,1.3818962828920065,0.0,1.0,1.0,0.0
40,0.10578101419061983,-0.1642645095836249,-1.3798523197727885,-0.028446402356390392,0.0,0.0,1.0,0.0
41,-0.9029958851818515,-0.1642645095836249,2.169752418854191,1.2251915400866291,0.0,1.0,1.0,0.0
42,-0.19244968402766394,-0.1642645095836249,-0.04875054278767131,1.3818962828920065,0.0,1.0,0.0,0.0
43,-0.8300227218039142,-0.1642645095836249,-2.2672535044295334,1.2251915400866291,0.0,0.0,1.0,0.0
44,0.023009576293391343,-0.1642645095836249,0.3949500495407011,-1.28208434479941,1.0,0.0,1.0,0.0
45,0.47167462211379824,-0.1642645095836249,-0.04875054278767131,0.12825834044898704,1.0,0.0,1.0,0.0
46,-0.4560095647161482,-0.1642645095836249,-0.04875054278767131,-1.28208434479941,1.0,0.0,1.0,0.0
47,0.7285196013834677,-0.1642645095836249,1.282351234197446,1.3818962828920065,0.0,1.0,1.0,0.0
48,1.128193274607419,-0.1642645095836249,-0.9361517274444162,0.4416678260597419,0.0,1.0,1.0,0.0
49,-0.9441417862226509,-0.1642645095836249,-0.04875054278767131,-0.968674859188655,0.0,1.0,0.0,0.0
50,0.43765473890521056,-0.1642645095836249,-0.4924511351160437,0.2849630832543645,0.0,1.0,0.0,0.0
51,0.43498248221813124,-0.1642645095836249,-0.04875054278767131,0.9117820544758742,0.0,1.0,1.0,0.0
52,-0.7268667617424263,-0.1642645095836249,-1.3798523197727885,-0.6552653735779002,1.0,0.0,1.0,0.0
53,-0.4388454544568306,-0.1642645095836249,-0.4924511351160437,-0.028446402356390392,1.0,0.0,1.0,0.0
54,-0.6610881355989335,-0.1642645095836249,-1.3798523197727885,0.9117820544758742,0.0,0.0,1.0,0.0
55,0.06631383850452403,-0.1642645095836249,-0.04875054278767131,0.2849630832543645,1.0,0.0,1.0,0.0
56,-0.8121391578211521,-0.1642645095836249,-0.4924511351160437,-0.8119701163832775,1.0,0.0,0.0,0.0
57,-0.017245572518381578,-0.1642645095836249,2.169752418854191,-1.5954938304101647,1.0,0.0,0.0,0.0
58,0.3046585791713361,-0.1642645095836249,-0.4924511351160437,-0.18515114516176784,1.0,0.0,1.0,0.0
59,-0.6355989179683301,-0.1642645095836249,1.282351234197446,0.2849630832543645,1.0,0.0,1.0,0.0
60,0.9281851394898614,-0.1642645095836249,0.8386506418690736,-0.18515114516176784,0.0,0.0,1.0,0.0
61,-0.11512553860794346,-0.1642645095836249,0.3949500495407011,-1.5954938304101647,1.0,0.0,1.0,0.0
62,0.17830880145404376,-0.1642645095836249,0.3949500495407011,-0.6552653735779002,0.0,1.0,1.0,0.0
63,1.0408310367605926,-0.1642645095836249,-0.4924511351160437,1.2251915400866291,1.0,0.0,0.0,0.0
64,-0.9997795408356885,-0.1642645095836249,0.3949500495407011,1.3818962828920065,0.0,1.0,1.0,0.0
65,-0.3297968258033214,-0.1642645095836249,1.282351234197446,-0.6552653735779002,1.0,0.0,0.0,0.0
66,0.002830612335830326,-0.1642645095836249,-0.4924511351160437,-0.18515114516176784,1.0,0.0,1.0,0.0
67,0.765588597991415,-0.1642645095836249,2.613453011182563,-2.8491317728531844,1.0,0.0,1.0,0.0
68,-0.6177496136866844,-0.1642645095836249,-1.3798523197727885,-0.028446402356390392,0.0,1.0,0.0,0.0
69,-0.3716279208664489,-0.1642645095836249,-1.3798523197727885,-0.18515114516176784,1.0,0.0,0.0,0.0
70,-0.5620090799702975,-0.1642645095836249,-0.04875054278767131,0.2849630832543645,0.0,0.0,1.0,0.0
71,-0.5289142086918527,-0.1642645095836249,0.3949500495407011,-1.5954938304101647,0.0,1.0,1.0,0.0
72,-0.9346861087145238,-0.1642645095836249,-0.04875054278767131,0.2849630832543645,0.0,0.0,1.0,0.0
73,-0.2181444598649658,-0.1642645095836249,0.8386506418690736,0.12825834044898704,0.0,1.0,0.0,0.0
74,3.134475631685065,-0.1642645095836249,1.282351234197446,-0.18515114516176784,1.0,0.0,1.0,0.0
75,-0.2243112060659182,-0.1642645095836249,-0.4924511351160437,0.9117820544758742,0.0,0.0,1.0,0.0
76,-0.4623818691237991,-0.1642645095836249,-0.4924511351160437,0.2849630832543645,0.0,1.0,1.0,0.0
77,-0.7059683440614207,-0.1642645095836249,-0.9361517274444162,-0.6552653735779002,1.0,0.0,1.0,0.0
78,-0.6074374436506471,-0.1642645095836249,0.8386506418690736,0.7550773116704967,1.0,0.0,1.0,0.0
79,-0.4225720964265394,-0.1642645095836249,1.282351234197446,0.2849630832543645,0.0,1.0,1.0,0.0
80,-0.3901624191704226,-0.1642645095836249,-2.2672535044295334,0.4416678260597419,0.0,0.0,1.0,0.0
81,0.16374842847957272,-0.1642645095836249,-0.4924511351160437,-0.6552653735779002,0.0,1.0,0.0,0.0
82,2.1410813381138585,-0.1642645095836249,-0.04875054278767131,0.5983725688651194,0.0,0.0,1.0,0.0
83,-0.12910349666343562,-0.1642645095836249,-0.04875054278767131,0.4416678260597419,0.0,1.0,1.0,0.0
84,-0.48951555240798983,-0.1642645095836249,0.3949500495407011,-0.028446402356390392,0.0,1.0,1.0,0.0
85,3.571903495539292,-0.1642645095836249,-0.4924511351160437,-0.028446402356390392,0.0,1.0,0.0,0.0
86,-0.9354055624379682,-0.1642645095836249,-0.04875054278767131,0.2849630832543645,1.0,0.0,1.0,0.0
87,0.9266434529396235,-0.1642645095836249,1.282351234197446,-1.7521985732155423,0.0,0.0,1.0,0.0
88,-0.9866238156069899,-0.1642645095836249,0.8386506418690736,-0.028446402356390392,0.0,1.0,0.0,0.0
89,0.3267218266902993,-0.1642645095836249,-0.9361517274444162,0.2849630832543645,0.0,1.0,1.0,0.0
90,1.4366333637583906,-0.1642645095836249,-0.04875054278767131,-0.6552653735779002,0.0,1.0,0.0,0.0
91,-0.2526439788891831,-0.1642645095836249,0.3949500495407011,0.2849630832543645,0.0,0.0,1.0,0.0
92,-0.229313122428913,-0.1642645095836249,-0.04875054278767131,0.5983725688651194,1.0,0.0,1.0,0.0
93,0.49514251737853404,-0.1642645095836249,1.282351234197446,1.5386010256973839,0.0,1.0,1.0,0.0
94,1.1873597784354462,-0.1642645095836249,0.3949500495407011,-0.028446402356390392,0.0,0.0,1.0,0.0
95,0.723175088009309,-0.1642645095836249,0.3949500495407011,0.2849630832543645,1.0,0.0,0.0,0.0
96,1.9220933285778141,-0.1642645095836249,-0.9361517274444162,-0.3418558879671453,1.0,0.0,0.0,0.0
97,-0.932664786348656,-0.1642645095836249,0.3949500495407011,-1.28208434479941,0.0,0.0,1.0,0.0
98,-0.5138056804995192,-0.1642645095836249,1.282351234197446,1.3818962828920065,1.0,0.0,1.0,0.0
99,-0.6254923061389914,-0.1642645095836249,-0.4924511351160437,-0.028446402356390392,1.0,0.0,1.0,0.0
100,0.2938667733196694,-0.1642645095836249,1.282351234197446,1.6953057685027615,1.0,0.0,1.0,0.0
101,-0.6819522935788226,-0.1642645095836249,-1.3798523197727885,-2.0656080588262973,0.0,1.0,0.0,0.0
102,-0.7343696362869184,-0.1642645095836249,-0.4924511351160437,1.6953057685027615,1.0,0.0,0.0,0.0
103,-0.34750909128050156,-0.1642645095836249,0.8386506418690736,-0.6552653735779002,1.0,0.0,1.0,0.0
104,-0.5743768320733188,-0.1642645095836249,0.3949500495407011,-0.6552653735779002,0.0,0.0,1.0,0.0
105,0.0318828388825395,-0.1642645095836249,0.3949500495407011,0.12825834044898704,0.0,1.0,1.0,0.0
106,-0.6256293449434569,-0.1642645095836249,0.8386506418690736,0.2849630832543645,0.0,1.0,1.0,0.0
107,1.572507338386043,-0.1642645095836249,0.3949500495407011,-0.968674859188655,1.0,0.0,1.0,0.0
108,0.7063193150600389,-0.1642645095836249,-0.04875054278767131,1.5386010256973839,0.0,1.0,1.0,0.0
109,-0.529530883311948,-0.1642645095836249,-0.4924511351160437,-0.028446402356390392,0.0,0.0,1.0,0.0
110,2.561345091708768,-0.1642645095836249,-0.9361517274444162,-0.8119701163832775,0.0,0.0,1.0,0.0
111,-0.1783346871677061,-0.1642645095836249,-0.4924511351160437,-0.18515114516176784,0.0,0.0,1.0,0.0
112,-0.14808337108192265,-0.1642645095836249,0.8386506418690736,-1.5954938304101647,0.0,1.0,0.0,0.0
113,-0.28721201731563323,-0.1642645095836249,-1.823552912101161,-1.5954938304101647,0.0,0.0,0.0,0.0
114,0.10369117242251924,-0.1642645095836249,-0.9361517274444162,0.12825834044898704,0.0,1.0,1.0,0.0
115,-1.010982463100752,-0.1642645095836249,-0.9361517274444162,-0.028446402356390392,0.0,1.0,1.0,0.0
116,0.00851772272115303,-0.1642645095836249,-0.04875054278767131,-0.028446402356390392,0.0,1.0,0.0,0.0
117,-0.8243356114185914,-0.1642645095836249,0.8386506418690736,1.3818962828920065,0.0,0.0,0.0,0.0
118,0.37704932763029453,-0.1642645095836249,-0.04875054278767131,0.2849630832543645,0.0,1.0,1.0,0.0
119,-0.6227172703485628,-0.1642645095836249,0.8386506418690736,0.12825834044898704,1.0,0.0,1.0,0.0
120,-0.8360181694992846,6.087742279417393,-0.04875054278767131,0.5983725688651194,0.0,0.0,1.0,0.0
121,-0.8025464415085594,-0.1642645095836249,0.8386506418690736,0.5983725688651194,0.0,1.0,0.0,0.0
122,0.06946573100723312,-0.1642645095836249,-0.04875054278767131,0.5983725688651194,0.0,1.0,1.0,0.0
123,0.11667559914563566,-0.1642645095836249,-0.9361517274444162,-2.692427030047807,0.0,1.0,1.0,0.0
124,-1.0022804990171859,-0.1642645095836249,-1.3798523197727885,-1.7521985732155423,0.0,0.0,1.0,0.0
125,-0.2845397606285538,-0.1642645095836249,0.8386506418690736,0.5983725688651194,0.0,1.0,0.0,0.0
126,1.0319577741714443,-0.1642645095836249,-0.9361517274444162,1.2251915400866291,1.0,0.0,1.0,0.0
127,1.8626527471408554,-0.1642645095836249,0.8386506418690736,1.2251915400866291,0.0,1.0,1.0,0.0
128,-0.8888466286207773,-0.1642645095836249,0.3949500495407011,0.2849630832543645,0.0,1.0,1.0,0.0
129,2.5320187875531275,-0.1642645095836249,-0.4924511351160437,-0.028446402356390392,1.0,0.0,1.0,0.0
130,-0.5922603960560809,-0.1642645095836249,-0.04875054278767131,1.3818962828920065,1.0,0.0,1.0,0.0
131,0.016637271885740434,-0.1642645095836249,0.3949500495407011,-0.028446402356390392,1.0,0.0,0.0,0.0
132,-0.30680856635421544,-0.1642645095836249,-0.04875054278767131,-1.28208434479941,0.0,1.0,1.0,0.0
133,-0.9997795408356885,-0.1642645095836249,0.8386506418690736,1.5386010256973839,1.0,0.0,0.0,0.0
134,0.2868777942919232,-0.1642645095836249,-0.04875054278767131,-2.8491317728531844,0.0,0.0,1.0,0.0
135,-0.9641837113757462,-0.1642645095836249,1.282351234197446,-0.6552653735779002,0.0,0.0,1.0,0.0
136,0.6457481634862393,-0.1642645095836249,0.8386506418690736,1.3818962828920065,0.0,1.0,1.0,0.0
137,0.13291469747481047,-0.1642645095836249,0.8386506418690736,-0.028446402356390392,1.0,0.0,1.0,0.0
138,2.3976179800734805,-0.1642645095836249,-0.04875054278767131,0.2849630832543645,0.0,1.0,1.0,0.0
139,-0.21591757929239963,-0.1642645095836249,0.3949500495407011,0.12825834044898704,0.0,1.0,1.0,0.0
140,-0.9989915677100112,-0.1642645095836249,0.8386506418690736,0.12825834044898704,0.0,1.0,1.0,0.0
141,2.577447151233477,-0.1642645095836249,0.3949500495407011,0.5983725688651194,0.0,0.0,1.0,0.0
142,-0.2413725372218867,-0.1642645095836249,-1.823552912101161,1.3818962828920065,0.0,0.0,1.0,0.0
143,-0.218761134485061,-0.1642645095836249,-0.04875054278767131,1.3818962828920065,0.0,1.0,0.0,0.0
144,-0.6323442463622719,-0.1642645095836249,0.3949500495407011,0.12825834044898704,1.0,0.0,0.0,0.0
145,-0.8624666587611474,-0.1642645095836249,0.3949500495407011,1.5386010256973839,0.0,0.0,1.0,0.0
146,2.315257658589649,-0.1642645095836249,0.3949500495407011,-0.968674859188655,1.0,0.0,1.0,0.0
147,0.7446559206092934,-0.1642645095836249,-0.9361517274444162,-0.18515114516176784,0.0,1.0,1.0,0.0
148,0.4039431930066706,-0.1642645095836249,-1.3798523197727885,0.5983725688651194,0.0,0.0,1.0,0.0
149,-0.10906157151034028,-0.1642645095836249,1.282351234197446,1.2251915400866291,0.0,1.0,1.0,0.0
150,-0.7817850626320194,-0.1642645095836249,-0.9361517274444162,-0.6552653735779002,0.0,1.0,1.0,0.0
151,0.12106084088853528,-0.1642645095836249,1.282351234197446,-2.8491317728531844,1.0,0.0,0.0,0.0
152,-0.10172999547143019,-0.1642645095836249,-0.04875054278767131,-0.028446402356390392,0.0,1.0,1.0,0.0
153,0.6798365660970597,-0.1642645095836249,1.282351234197446,-0.3418558879671453,1.0,0.0,1.0,0.0
154,0.2695081258259072,-0.1642645095836249,1.282351234197446,1.2251915400866291,0.0,0.0,1.0,0.0
155,-0.7351233497114793,-0.1642645095836249,-0.9361517274444162,0.2849630832543645,0.0,1.0,0.0,0.0
156,-0.7000414157682832,-0.1642645095836249,-1.3798523197727885,-0.18515114516176784,0.0,1.0,0.0,0.0
157,1.7327742202085739,-0.1642645095836249,0.3949500495407011,0.5983725688651194,1.0,0.0,0.0,0.0
158,-0.8970346971875974,-0.1642645095836249,1.282351234197446,1.3818962828920065,1.0,0.0,1.0,0.0
159,-0.9218044610947563,-0.1642645095836249,-0.4924511351160437,-1.7521985732155423,0.0,1.0,1.0,0.0
160,-0.5415217787026888,-0.1642645095836249,-0.04875054278767131,-1.28208434479941,0.0,1.0,0.0,0.0
161,0.034178238857338526,-0.1642645095836249,-0.4924511351160437,0.5983725688651194,1.0,0.0,1.0,0.0
162,-0.8117623011088716,-0.1642645095836249,2.169752418854191,1.2251915400866291,1.0,0.0,0.0,0.0
163,-0.7630792658224637,-0.1642645095836249,-1.3798523197727885,-0.6552653735779002,1.0,0.0,1.0,0.0
164,-0.6153856943096526,-0.1642645095836249,-0.9361517274444162,0.2849630832543645,1.0,0.0,1.0,0.0
165,-0.22503065978936268,-0.1642645095836249,0.8386506418690736,0.5983725688651194,0.0,0.0,1.0,0.0
166,-0.587155700589737,-0.1642645095836249,0.3949500495407011,-1.28208434479941,1.0,0.0,1.0,0.0
167,0.7149527597413723,-0.1642645095836249,0.8386506418690736,0.12825834044898704,0.0,1.0,0.0,0.0
168,0.023146615097857023,-0.1642645095836249,2.613453011182563,0.5983725688651194,1.0,0.0,1.0,0.0
169,-0.05393771241404857,-0.1642645095836249,0.3949500495407011,0.5983725688651194,0.0,0.0,1.0,0.0
170,1.645446242062864,-0.1642645095836249,-1.3798523197727885,0.5983725688651194,1.0,0.0,1.0,0.0
171,-0.6112402704745679,-0.1642645095836249,-0.9361517274444162,1.5386010256973839,1.0,0.0,1.0,0.0
172,-0.4124997442983171,-0.1642645095836249,0.3949500495407011,0.12825834044898704,0.0,1.0,1.0,0.0
173,-0.12578030565514467,-0.1642645095836249,0.3949500495407011,0.4416678260597419,1.0,0.0,1.0,0.0
174,-0.4389482335601798,-0.1642645095836249,-0.04875054278767131,0.12825834044898704,0.0,1.0,1.0,0.0
175,-0.7686635971044372,-0.1642645095836249,1.282351234197446,-2.692427030047807,1.0,0.0,1.0,0.0
176,3.6485081872355676,-0.1642645095836249,2.613453011182563,-2.0656080588262973,0.0,0.0,1.0,0.0
177,1.6957737430028592,-0.1642645095836249,-0.9361517274444162,-1.28208434479941,0.0,0.0,1.0,0.0
178,-0.20738691371441537,-0.1642645095836249,-0.4924511351160437,-0.6552653735779002,0.0,1.0,1.0,0.0
179,-0.9024819896651054,-0.1642645095836249,0.3949500495407011,1.2251915400866291,0.0,1.0,0.0,0.0
180,1.5165269867618414,-0.1642645095836249,-0.4924511351160437,1.2251915400866291,0.0,1.0,1.0,0.0
181,0.5342670960534657,-0.1642645095836249,-0.04875054278767131,-2.8491317728531844,0.0,0.0,1.0,0.0
182,0.009853851064692875,-0.1642645095836249,2.169752418854191,0.12825834044898704,1.0,0.0,1.0,0.0
183,-0.6395045238956,-0.1642645095836249,-0.04875054278767131,-0.6552653735779002,1.0,0.0,0.0,0.0
184,-0.328563476563131,-0.1642645095836249,-2.2672535044295334,-0.6552653735779002,0.0,0.0,1.0,0.0
185,0.34813413988805086,-0.1642645095836249,-1.823552912101161,-2.692427030047807,0.0,0.0,1.0,0.0
186,2.5499023515358896,-0.1642645095836249,-0.9361517274444162,0.12825834044898704,0.0,1.0,1.0,0.0
187,1.1400471311936944,-0.1642645095836249,0.3949500495407011,0.2849630832543645,0.0,0.0,1.0,0.0
188,-0.9820672753585085,-0.1642645095836249,-0.9361517274444162,1.2251915400866291,0.0,0.0,0.0,0.0
189,-0.279880441276723,-0.1642645095836249,-0.9361517274444162,1.5386010256973839,0.0,0.0,1.0,0.0
190,3.8540663939339828,-0.1642645095836249,0.8386506418690736,-1.7521985732155423,1.0,0.0,1.0,0.0
191,-0.24401053420784963,-0.1642645095836249,-0.9361517274444162,-1.28208434479941,1.0,0.0,0.0,0.0
192,0.5046324545877774,-0.1642645095836249,1.282351234197446,-0.6552653735779002,1.0,0.0,0.0,0.0
193,-0.05832295415694819,-0.1642645095836249,-0.9361517274444162,-0.6552653735779002,0.0,1.0,0.0,0.0
194,0.6541760499608744,-0.1642645095836249,1.282351234197446,0.12825834044898704,1.0,0.0,1.0,0.0
195,-1.00824168701144,-0.1642645095836249,2.613453011182563,1.5386010256973839,1.0,0.0,0.0,0.0
196,-0.3364432078199036,-0.1642645095836249,-0.04875054278767131,0.12825834044898704,1.0,0.0,1.0,0.0
197,-0.9497946369068572,-0.1642645095836249,-0.4924511351160437,1.2251915400866291,1.0,0.0,1.0,0.0
198,-0.6302201448930549,-0.1642645095836249,-0.4924511351160437,0.5983725688651194,0.0,1.0,1.0,0.0
199,0.6698327333710703,-0.1642645095836249,0.8386506418690736,0.12825834044898704,1.0,0.0,1.0,0.0
200,0.03363008363947619,-0.1642645095836249,-0.9361517274444162,1.5386010256973839,0.0,0.0,1.0,0.0
201,-0.9812450425317147,-0.1642645095836249,0.3949500495407011,0.2849630832543645,0.0,1.0,1.0,0.0
202,0.05559055205509008,-0.1642645095836249,0.3949500495407011,1.2251915400866291,1.0,0.0,1.0,0.0
203,-0.8448229126862,-0.1642645095836249,-0.04875054278767131,0.2849630832543645,1.0,0.0,1.0,0.0
204,-0.5365541220408105,-0.1642645095836249,0.3949500495407011,0.5983725688651194,1.0,0.0,1.0,0.0
205,-0.03273095742299544,-0.1642645095836249,1.282351234197446,0.4416678260597419,0.0,0.0,1.0,0.0
206,1.723112984493748,-0.1642645095836249,-0.4924511351160437,1.3818962828920065,0.0,0.0,1.0,0.0
207,0.6438981396259537,-0.1642645095836249,0.3949500495407011,0.5983725688651194,0.0,0.0,1.0,0.0
208,0.7658969353014627,-0.1642645095836249,1.282351234197446,0.2849630832543645,0.0,0.0,1.0,0.0
209,0.08289553384486295,-0.1642645095836249,1.282351234197446,-0.028446402356390392,0.0,0.0,0.0,0.0
210,0.025133677762608313,6.087742279417393,-0.4924511351160437,-2.692427030047807,0.0,0.0,1.0,0.0
211,0.4607457774576659,-0.1642645095836249,-0.9361517274444162,-2.0656080588262973,0.0,0.0,1.0,0.0
212,1.358761063120808,-0.1642645095836249,-0.04875054278767131,-0.6552653735779002,0.0,0.0,1.0,0.0
213,-0.6191885211335733,-0.1642645095836249,-0.04875054278767131,-1.28208434479941,0.0,0.0,1.0,0.0
214,0.3056521105037119,-0.1642645095836249,1.282351234197446,0.5983725688651194,0.0,1.0,0.0,0.0
215,-0.7630107464202309,-0.1642645095836249,-0.9361517274444162,0.2849630832543645,0.0,0.0,1.0,0.0
216,-0.34887947932515767,-0.1642645095836249,-1.3798523197727885,1.2251915400866291,1.0,0.0,1.0,0.0
217,-0.5580692143419113,-0.1642645095836249,-0.04875054278767131,1.6953057685027615,0.0,0.0,1.0,0.0
218,2.030388243806762,-0.1642645095836249,0.8386506418690736,-0.6552653735779002,0.0,1.0,0.0,0.0
219,0.21815283385241985,-0.1642645095836249,-0.4924511351160437,0.9117820544758742,0.0,0.0,1.0,0.0
220,-0.5688267604924616,-0.1642645095836249,-1.3798523197727885,1.3818962828920065,1.0,0.0,1.0,0.0
221,0.6437953605226043,-0.1642645095836249,-1.3798523197727885,-0.6552653735779002,0.0,1.0,0.0,0.0
222,0.8574388566844903,-0.1642645095836249,1.282351234197446,-0.8119701163832775,0.0,0.0,1.0,0.0
223,0.547148743673233,-0.1642645095836249,-0.9361517274444162,-0.6552653735779002,0.0,1.0,1.0,0.0
224,0.7148157209369068,-0.1642645095836249,-1.823552912101161,0.12825834044898704,0.0,0.0,1.0,0.0
225,0.6474954082431758,-0.1642645095836249,-0.9361517274444162,-0.18515114516176784,1.0,0.0,1.0,0.0
226,-0.4587846005065768,-0.1642645095836249,-1.3798523197727885,-0.028446402356390392,1.0,0.0,1.0,0.0
227,0.9731681270556978,-0.1642645095836249,-1.3798523197727885,0.2849630832543645,0.0,0.0,1.0,0.0
228,-0.8413626828734434,-0.1642645095836249,-0.4924511351160437,0.2849630832543645,0.0,0.0,1.0,1.0
229,1.1396360147802975,-0.1642645095836249,1.282351234197446,0.2849630832543645,0.0,0.0,1.0,0.0
230,0.7747701978906111,-0.1642645095836249,-0.04875054278767131,1.3818962828920065,0.0,0.0,1.0,0.0
231,1.3978171223935068,-0.1642645095836249,0.3949500495407011,-0.6552653735779002,1.0,0.0,1.0,0.0
232,-0.2743988890980987,-0.1642645095836249,-0.9361517274444162,0.4416678260597419,1.0,0.0,0.0,0.0
233,-0.7061396425670027,-0.1642645095836249,1.282351234197446,1.6953057685027615,0.0,0.0,1.0,0.0
234,-1.0015610452937413,-0.1642645095836249,0.3949500495407011,-0.028446402356390392,0.0,0.0,1.0,0.0
235,-0.83444222324793,-0.1642645095836249,0.3949500495407011,-0.6552653735779002,0.0,0.0,0.0,0.0
236,1.5044675719688676,-0.1642645095836249,1.282351234197446,0.5983725688651194,1.0,0.0,1.0,0.0
237,0.24432724550535148,-0.1642645095836249,2.169752418854191,-0.6552653735779002,1.0,0.0,1.0,0.0
238,-0.9062848164890261,-0.1642645095836249,0.3949500495407011,1.6953057685027615,0.0,1.0,0.0,0.0
239,-0.7917203759557762,-0.1642645095836249,-0.04875054278767131,-1.28208434479941,0.0,1.0,0.0,0.0
240,-0.4128766010105975,-0.1642645095836249,0.3949500495407011,-0.6552653735779002,0.0,1.0,1.0,0.0
241,0.996773061124899,-0.1642645095836249,-0.4924511351160437,-2.692427030047807,1.0,0.0,1.0,0.0
242,-0.4251415740102696,-0.1642645095836249,2.613453011182563,-0.6552653735779002,0.0,0.0,1.0,0.0
243,-0.7511911495350722,-0.1642645095836249,-0.4924511351160437,0.5983725688651194,0.0,1.0,0.0,0.0
244,-0.8802474436405602,-0.1642645095836249,1.282351234197446,-1.28208434479941,1.0,0.0,1.0,0.0
245,-0.6864745741261877,-0.1642645095836249,-0.9361517274444162,0.2849630832543645,1.0,0.0,0.0,0.0
246,-0.9028245866762695,-0.1642645095836249,-1.3798523197727885,1.2251915400866291,1.0,0.0,1.0,0.0
247,0.666235464753848,-0.1642645095836249,0.8386506418690736,0.12825834044898704,0.0,1.0,1.0,0.0
248,1.8651537053223528,-0.1642645095836249,-0.04875054278767131,-0.6552653735779002,0.0,1.0,0.0,0.0
249,-0.7675672866687124,-0.1642645095836249,0.3949500495407011,0.2849630832543645,0.0,0.0,1.0,0.0
250,1.5860056606259054,-0.1642645095836249,2.169752418854191,-0.6552653735779002,0.0,1.0,1.0,0.0
251,-0.08398347029313369,-0.1642645095836249,-0.9361517274444162,0.5983725688651194,1.0,0.0,0.0,0.0
252,0.2538514424157113,-0.1642645095836249,0.3949500495407011,-0.3418558879671453,1.0,0.0,1.0,0.0
253,-0.2693969727351039,-0.1642645095836249,1.282351234197446,0.2849630832543645,0.0,0.0,1.0,0.0
254,-0.24051604469397664,-0.1642645095836249,0.3949500495407011,0.2849630832543645,0.0,1.0,1.0,0.0
255,-0.2042007615105899,-0.1642645095836249,0.3949500495407011,0.2849630832543645,1.0,0.0,0.0,0.0
256,-0.38026136554778234,-0.1642645095836249,-0.4924511351160437,-1.7521985732155423,0.0,1.0,1.0,0.0
257,0.149222315206218,6.087742279417393,0.3949500495407011,-0.028446402356390392,0.0,1.0,1.0,0.0
258,0.46931070273676645,-0.1642645095836249,2.613453011182563,0.5983725688651194,0.0,0.0,1.0,0.0
259,0.05237014015014825,-0.1642645095836249,-1.3798523197727885,-2.692427030047807,1.0,0.0,0.0,0.0
260,-0.762085734490088,-0.1642645095836249,-0.04875054278767131,0.2849630832543645,0.0,0.0,1.0,0.0
261,-0.9397222847786348,-0.1642645095836249,0.3949500495407011,1.5386010256973839,0.0,0.0,1.0,0.0
262,-0.8572249244903377,-0.1642645095836249,-0.4924511351160437,0.2849630832543645,0.0,1.0,0.0,0.0
263,0.737324344570383,-0.1642645095836249,-0.4924511351160437,-0.968674859188655,1.0,0.0,1.0,0.0
264,0.6528399216173346,-0.1642645095836249,0.8386506418690736,-1.28208434479941,1.0,0.0,1.0,0.0
265,-0.9756264515486247,-0.1642645095836249,0.3949500495407011,1.6953057685027615,0.0,0.0,1.0,0.0
266,-0.7903499879111201,-0.1642645095836249,-0.4924511351160437,1.3818962828920065,0.0,1.0,0.0,0.0
267,0.8164642541492728,-0.1642645095836249,-0.4924511351160437,-0.6552653735779002,0.0,1.0,1.0,0.0
268,-0.09206875975660452,-0.1642645095836249,-1.3798523197727885,-1.7521985732155423,0.0,1.0,0.0,0.0
269,-0.6838708368413411,-0.1642645095836249,-0.4924511351160437,0.4416678260597419,1.0,0.0,1.0,0.0
270,-0.3477831688894327,-0.1642645095836249,-0.04875054278767131,-0.3418558879671453,0.0,1.0,1.0,0.0
271,-0.15901221573805505,-0.1642645095836249,-0.4924511351160437,-0.028446402356390392,0.0,0.0,1.0,0.0
272,-0.8670231990096288,-0.1642645095836249,-0.04875054278767131,-2.0656080588262973,0.0,1.0,1.0,0.0
273,-0.4067441145107614,-0.1642645095836249,0.3949500495407011,-1.28208434479941,0.0,1.0,1.0,0.0
274,3.0103527345403385,-0.1642645095836249,-0.9361517274444162,0.2849630832543645,0.0,0.0,0.0,0.0
275,0.30520673438919865,-0.1642645095836249,-0.4924511351160437,-0.18515114516176784,1.0,0.0,1.0,0.0
276,-0.44693074392030163,-0.1642645095836249,0.8386506418690736,0.4416678260597419,0.0,1.0,1.0,0.0
277,0.16316601356059401,-0.1642645095836249,-0.04875054278767131,0.12825834044898704,1.0,0.0,1.0,0.0
278,-0.7631135255235801,-0.1642645095836249,-0.4924511351160437,-0.028446402356390392,0.0,0.0,1.0,0.0
279,1.2817795147122515,-0.1642645095836249,-0.4924511351160437,-1.7521985732155423,1.0,0.0,1.0,0.0
280,-0.14578797110712374,-0.1642645095836249,0.3949500495407011,0.2849630832543645,0.0,0.0,1.0,0.0
281,-0.8627407363700785,-0.1642645095836249,2.613453011182563,1.2251915400866291,0.0,1.0,1.0,0.0
282,0.10996069772682084,6.087742279417393,-0.04875054278767131,-0.028446402356390392,0.0,1.0,0.0,0.0
283,0.22079083083838297,-0.1642645095836249,-1.3798523197727885,1.2251915400866291,1.0,0.0,0.0,0.0
284,-0.978709824649101,-0.1642645095836249,-0.4924511351160437,-0.028446402356390392,1.0,0.0,1.0,0.0
285,-0.8570878856858721,-0.1642645095836249,-0.04875054278767131,-0.028446402356390392,0.0,0.0,1.0,0.0
286,-0.8962467240619202,-0.1642645095836249,1.282351234197446,0.7550773116704967,1.0,0.0,1.0,0.0
287,-0.5015749672009635,-0.1642645095836249,-0.4924511351160437,-0.18515114516176784,1.0,0.0,0.0,0.0
288,-0.1883385198936956,-0.1642645095836249,1.282351234197446,-0.3418558879671453,0.0,1.0,0.0,0.0
289,-0.8526341245407398,-0.1642645095836249,1.282351234197446,-0.6552653735779002,1.0,0.0,1.0,0.0
290,-0.8706547273279674,-0.1642645095836249,1.282351234197446,0.2849630832543645,0.0,0.0,1.0,0.0
291,2.530477101002889,-0.1642645095836249,0.8386506418690736,0.9117820544758742,0.0,1.0,1.0,0.0
292,0.5008638874649732,-0.1642645095836249,-0.4924511351160437,-0.6552653735779002,0.0,0.0,1.0,0.0
293,0.2314113381844676,6.087742279417393,0.8386506418690736,-1.5954938304101647,0.0,1.0,1.0,0.0
294,1.575316633877588,-0.1642645095836249,-0.4924511351160437,1.5386010256973839,0.0,0.0,1.0,0.0
295,-0.949177962286762,-0.1642645095836249,0.8386506418690736,1.6953057685027615,1.0,0.0,1.0,0.0
296,0.609021763889456,-0.1642645095836249,-1.3798523197727885,-0.6552653735779002,0.0,0.0,1.0,0.0
297,-0.9005291867014704,-0.1642645095836249,0.8386506418690736,-0.3418558879671453,0.0,0.0,1.0,0.0
298,1.3427960424005643,-0.1642645095836249,0.8386506418690736,1.3818962828920065,1.0,0.0,1.0,0.0
299,-0.29605102020366497,6.087742279417393,1.282351234197446,-1.7521985732155423,0.0,0.0,1.0,0.0
300,-0.29543434558356974,-0.1642645095836249,-0.04875054278767131,1.6953057685027615,1.0,0.0,0.0,0.0
301,1.5307790224262647,-0.1642645095836249,-0.9361517274444162,0.5983725688651194,0.0,1.0,0.0,0.0
302,-0.8090900444217922,-0.1642645095836249,-0.9361517274444162,-0.6552653735779002,0.0,1.0,1.0,0.0
303,-0.4459029528868095,-0.1642645095836249,-1.3798523197727885,0.2849630832543645,1.0,0.0,1.0,0.0
304,0.21880376817363148,-0.1642645095836249,-0.04875054278767131,-0.6552653735779002,0.0,1.0,1.0,0.0
305,0.27838138841505555,-0.1642645095836249,0.3949500495407011,-0.6552653735779002,1.0,0.0,1.0,0.0
306,-0.19351173476227232,-0.1642645095836249,-0.04875054278767131,-0.8119701163832775,1.0,0.0,1.0,0.0
307,-0.5675591515511547,-0.1642645095836249,-1.3798523197727885,1.6953057685027615,1.0,0.0,0.0,0.0
308,-0.9500687145157883,-0.1642645095836249,0.3949500495407011,1.3818962828920065,0.0,1.0,1.0,0.0
309,0.40524506164909385,-0.1642645095836249,-0.4924511351160437,-0.028446402356390392,1.0,0.0,1.0,0.0
310,-0.8482831424989566,-0.1642645095836249,0.8386506418690736,0.9117820544758742,0.0,0.0,1.0,0.0
311,3.165788998505457,-0.1642645095836249,0.3949500495407011,0.4416678260597419,0.0,1.0,1.0,0.0
312,-0.6746892369421453,-0.1642645095836249,1.7260518265258185,-1.5954938304101647,1.0,0.0,1.0,0.0
313,0.6438981396259537,-0.1642645095836249,-0.4924511351160437,-1.28208434479941,0.0,1.0,1.0,0.0
314,0.08070291297341305,-0.1642645095836249,-1.823552912101161,1.5386010256973839,1.0,0.0,1.0,0.0
315,1.417345152029856,-0.1642645095836249,-0.04875054278767131,-0.028446402356390392,1.0,0.0,1.0,0.0
316,-0.9776477739144924,-0.1642645095836249,0.3949500495407011,0.5983725688651194,0.0,0.0,1.0,0.0
317,0.18276256259917611,-0.1642645095836249,0.3949500495407011,0.12825834044898704,0.0,0.0,1.0,0.0
318,0.014581689818756401,-0.1642645095836249,-0.04875054278767131,-0.8119701163832775,0.0,1.0,1.0,0.0
319,-0.919029425304328,-0.1642645095836249,-0.9361517274444162,-1.28208434479941,0.0,1.0,1.0,0.0
320,-0.22571585381169068,-0.1642645095836249,-0.04875054278767131,-0.028446402356390392,1.0,0.0,1.0,0.0
321,-0.40482557124824287,-0.1642645095836249,-0.4924511351160437,1.3818962828920065,0.0,0.0,1.0,0.0
322,-0.8937800255815392,-0.1642645095836249,-0.4924511351160437,0.12825834044898704,1.0,0.0,1.0,0.0
323,-0.5463523965601016,-0.1642645095836249,0.3949500495407011,1.5386010256973839,1.0,0.0,0.0,0.0
324,-0.2204741195408811,-0.1642645095836249,-0.04875054278767131,-1.28208434479941,0.0,0.0,1.0,0.0
325,1.0673480454246882,-0.1642645095836249,-1.823552912101161,1.2251915400866291,0.0,0.0,1.0,0.0
326,0.4763682011667454,-0.1642645095836249,-0.04875054278767131,1.5386010256973839,1.0,0.0,1.0,0.0
327,1.962519775895169,-0.1642645095836249,0.3949500495407011,1.5386010256973839,1.0,0.0,1.0,1.0
328,0.1946164191854513,-0.1642645095836249,-0.04875054278767131,0.12825834044898704,0.0,0.0,1.0,0.0
329,-0.942017684753434,-0.1642645095836249,-0.04875054278767131,0.2849630832543645,0.0,1.0,1.0,0.0
330,-0.39536989374011583,-0.1642645095836249,1.282351234197446,0.2849630832543645,1.0,0.0,1.0,0.0
331,-0.5851001185227528,-0.1642645095836249,0.3949500495407011,1.2251915400866291,1.0,0.0,1.0,0.0
332,-0.03228558130848222,-0.1642645095836249,-0.04875054278767131,-0.6552653735779002,0.0,1.0,1.0,0.0
333,-0.6126449182203405,-0.1642645095836249,-0.4924511351160437,0.2849630832543645,1.0,0.0,1.0,0.0
334,1.2135684497894943,-0.1642645095836249,-0.04875054278767131,-0.18515114516176784,0.0,0.0,1.0,0.0
335,-0.7912064804390301,-0.1642645095836249,-0.4924511351160437,0.5983725688651194,0.0,0.0,1.0,0.0
336,-0.6819865532799391,-0.1642645095836249,0.8386506418690736,0.4416678260597419,1.0,0.0,1.0,0.0
337,-0.5435088413674403,-0.1642645095836249,1.282351234197446,-1.7521985732155423,0.0,1.0,1.0,0.0
338,-0.9034412612963647,-0.1642645095836249,-0.4924511351160437,-0.6552653735779002,1.0,0.0,1.0,0.0
339,-0.9383176370328625,-0.1642645095836249,-0.9361517274444162,0.2849630832543645,1.0,0.0,1.0,0.0
340,5.249977915921802,-0.1642645095836249,-0.4924511351160437,-0.028446402356390392,0.0,1.0,1.0,0.0
341,-0.9302666072705078,-0.1642645095836249,-0.4924511351160437,-0.028446402356390392,0.0,0.0,1.0,0.0
342,-0.9610660785741537,-0.1642645095836249,-0.4924511351160437,1.5386010256973839,1.0,0.0,1.0,0.0
343,1.391958713502602,-0.1642645095836249,-0.4924511351160437,-0.028446402356390392,0.0,1.0,1.0,0.0
344,3.3379439966153797,-0.1642645095836249,-0.4924511351160437,0.5983725688651194,0.0,0.0,1.0,0.0
345,-0.9285878819158041,-0.1642645095836249,1.282351234197446,0.5983725688651194,0.0,0.0,1.0,0.0
346,-0.51455939392408,-0.1642645095836249,-1.3798523197727885,-0.028446402356390392,1.0,0.0,1.0,0.0
347,-0.32712456911624205,-0.1642645095836249,-0.9361517274444162,0.5983725688651194,0.0,0.0,1.0,0.0
348,0.03709031345223281,-0.1642645095836249,-1.3798523197727885,-0.6552653735779002,1.0,0.0,1.0,0.0
349,-0.9812450425317147,-0.1642645095836249,-0.04875054278767131,0.7550773116704967,0.0,0.0,1.0,0.0
350,-0.011798280040873669,6.087742279417393,-0.4924511351160437,0.12825834044898704,0.0,1.0,1.0,0.0
351,-0.9182071924775342,-0.1642645095836249,-0.04875054278767131,0.12825834044898704,1.0,0.0,1.0,0.0
352,-0.5417958563116201,-0.1642645095836249,-0.4924511351160437,0.2849630832543645,0.0,1.0,1.0,0.0
353,0.462630061019068,-0.1642645095836249,-1.3798523197727885,0.12825834044898704,0.0,0.0,1.0,0.0
354,-0.5692721366069748,-0.1642645095836249,-0.04875054278767131,1.3818962828920065,0.0,1.0,1.0,0.0
355,0.7507198877068967,-0.1642645095836249,-0.04875054278767131,0.2849630832543645,0.0,0.0,1.0,0.0
356,-0.6021957093798377,-0.1642645095836249,0.8386506418690736,0.12825834044898704,0.0,1.0,1.0,0.0
357,0.2634784184294204,-0.1642645095836249,0.3949500495407011,-0.3418558879671453,1.0,0.0,0.0,0.0
358,-0.45039097373305825,-0.1642645095836249,0.3949500495407011,0.9117820544758742,0.0,0.0,1.0,0.0
359,1.128193274607419,-0.1642645095836249,-0.04875054278767131,0.12825834044898704,0.0,0.0,1.0,0.0
360,0.5798667582393974,-0.1642645095836249,0.3949500495407011,-0.028446402356390392,1.0,0.0,1.0,0.0
361,1.6829948744864411,-0.1642645095836249,-0.9361517274444162,-0.6552653735779002,0.0,1.0,1.0,0.0
362,1.9735513996546505,-0.1642645095836249,1.7260518265258185,1.3818962828920065,0.0,1.0,0.0,0.0
363,0.780046191862537,-0.1642645095836249,0.3949500495407011,0.12825834044898704,0.0,0.0,1.0,0.0
364,-0.6421082611804465,-0.1642645095836249,0.8386506418690736,-0.028446402356390392,0.0,0.0,1.0,0.0
365,1.1480296415538163,-0.1642645095836249,0.8386506418690736,0.4416678260597419,0.0,0.0,1.0,0.0
366,-0.5935280049973878,-0.1642645095836249,0.8386506418690736,1.3818962828920065,0.0,0.0,1.0,0.0
367,-0.8693185989844279,-0.1642645095836249,1.282351234197446,0.12825834044898704,0.0,0.0,1.0,0.0
368,-0.047222810995233754,-0.1642645095836249,-0.04875054278767131,-0.028446402356390392,1.0,0.0,1.0,0.0
369,-0.44216864546512163,-0.1642645095836249,-1.3798523197727885,-0.3418558879671453,0.0,0.0,1.0,0.0
370,-0.2706645816764108,-0.1642645095836249,1.282351234197446,0.4416678260597419,1.0,0.0,0.0,0.0
371,-0.564441518749562,-0.1642645095836249,1.282351234197446,1.3818962828920065,0.0,0.0,1.0,0.0
372,-0.4804024719110268,-0.1642645095836249,0.3949500495407011,-1.5954938304101647,1.0,0.0,0.0,0.0
373,-0.5235696953176939,-0.1642645095836249,-0.04875054278767131,-2.8491317728531844,0.0,1.0,1.0,0.0
374,1.1841051068293882,-0.1642645095836249,1.282351234197446,0.2849630832543645,0.0,0.0,1.0,0.0
375,3.751253030883659,-0.1642645095836249,-0.04875054278767131,-2.0656080588262973,1.0,0.0,1.0,0.0
376,-0.3067057872508662,-0.1642645095836249,1.282351234197446,1.3818962828920065,0.0,1.0,1.0,0.0
377,-0.6964784068521772,-0.1642645095836249,-0.4924511351160437,-0.6552653735779002,1.0,0.0,1.0,0.0
378,-0.007173220390159255,-0.1642645095836249,-0.4924511351160437,0.2849630832543645,0.0,0.0,1.0,0.0
379,-0.915980311904968,-0.1642645095836249,-0.9361517274444162,-0.028446402356390392,0.0,0.0,1.0,0.0
380,-0.6356674373705629,-0.1642645095836249,1.282351234197446,-0.6552653735779002,0.0,0.0,0.0,0.0
381,-0.4020505354578143,-0.1642645095836249,0.8386506418690736,-0.6552653735779002,1.0,0.0,1.0,0.0
382,-0.972577338149265,-0.1642645095836249,-0.4924511351160437,0.4416678260597419,0.0,1.0,0.0,0.0
383,-0.6888042338021031,-0.1642645095836249,-0.4924511351160437,-0.18515114516176784,1.0,0.0,1.0,0.0
384,-0.747696660021199,-0.1642645095836249,1.282351234197446,1.5386010256973839,0.0,1.0,1.0,0.0
385,-0.6733873682997219,-0.1642645095836249,2.169752418854191,-0.028446402356390392,0.0,0.0,1.0,0.0
386,-0.7645866926715854,-0.1642645095836249,1.282351234197446,-2.0656080588262973,0.0,1.0,1.0,0.0
387,-0.8836734137522004,-0.1642645095836249,-1.823552912101161,-0.6552653735779002,1.0,0.0,1.0,0.0
388,-0.6791429980872776,-0.1642645095836249,1.282351234197446,0.2849630832543645,0.0,0.0,1.0,0.0
389,-0.595240990053208,-0.1642645095836249,-0.9361517274444162,-0.6552653735779002,0.0,1.0,1.0,0.0
390,0.44310203138271864,-0.1642645095836249,-0.9361517274444162,0.9117820544758742,0.0,0.0,1.0,0.0
391,-0.5613924053502023,-0.1642645095836249,-0.04875054278767131,-0.028446402356390392,0.0,1.0,0.0,0.0
392,-0.2576458952521779,-0.1642645095836249,1.282351234197446,-0.6552653735779002,0.0,1.0,1.0,0.0
393,-0.27974340247225743,-0.1642645095836249,1.282351234197446,-0.6552653735779002,0.0,1.0,0.0,0.0
394,-0.9979637766765191,-0.1642645095836249,-0.4924511351160437,-0.8119701163832775,1.0,0.0,1.0,0.0
395,1.8110918969606697,-0.1642645095836249,-0.04875054278767131,0.12825834044898704,0.0,0.0,1.0,0.0
396,0.4069237870037976,-0.1642645095836249,0.3949500495407011,-0.8119701163832775,0.0,1.0,1.0,0.0
397,-0.5691693575036256,-0.1642645095836249,-0.9361517274444162,1.3818962828920065,1.0,0.0,1.0,0.0
398,-0.32455509153251183,-0.1642645095836249,-0.04875054278767131,0.5983725688651194,1.0,0.0,0.0,0.0
399,-0.10005127011672645,-0.1642645095836249,0.3949500495407011,0.7550773116704967,0.0,0.0,1.0,0.0
400,-0.3519971121267503,-0.1642645095836249,-0.4924511351160437,0.12825834044898704,0.0,1.0,1.0,0.0
401,-0.5489903935460646,-0.1642645095836249,0.3949500495407011,-0.968674859188655,0.0,1.0,0.0,0.0
402,1.4223128086917345,-0.1642645095836249,0.3949500495407011,1.2251915400866291,1.0,0.0,1.0,0.0
403,0.1926293565207,-0.1642645095836249,1.282351234197446,-0.6552653735779002,0.0,0.0,1.0,0.0
404,0.7182759507496634,-0.1642645095836249,-0.4924511351160437,-1.7521985732155423,1.0,0.0,1.0,0.0
405,-0.2907065068295062,-0.1642645095836249,0.3949500495407011,0.2849630832543645,1.0,0.0,1.0,0.0
406,0.22894463970408674,-0.1642645095836249,-0.04875054278767131,0.12825834044898704,0.0,0.0,1.0,0.0
407,-0.3510721001966074,-0.1642645095836249,-0.9361517274444162,-1.28208434479941,0.0,0.0,1.0,0.0
408,-0.22948442093449495,-0.1642645095836249,1.282351234197446,-0.028446402356390392,1.0,0.0,1.0,0.0
409,1.5132037957535502,-0.1642645095836249,0.8386506418690736,1.2251915400866291,1.0,0.0,0.0,0.0
410,0.3177800446989184,-0.1642645095836249,-0.04875054278767131,0.9117820544758742,0.0,0.0,0.0,0.0
411,-0.19035984225956334,-0.1642645095836249,-0.9361517274444162,-1.5954938304101647,0.0,1.0,1.0,0.0
412,-0.1891264930193729,-0.1642645095836249,-1.3798523197727885,-0.028446402356390392,0.0,0.0,0.0,0.0
413,-0.55693864420507,-0.1642645095836249,-0.4924511351160437,-0.3418558879671453,0.0,0.0,1.0,0.0
414,-0.733478884057892,-0.1642645095836249,0.8386506418690736,-1.5954938304101647,1.0,0.0,1.0,0.0
415,-0.35648513297299905,-0.1642645095836249,-0.04875054278767131,1.3818962828920065,1.0,0.0,1.0,1.0
416,1.0955095197423712,-0.1642645095836249,0.3949500495407011,0.2849630832543645,1.0,0.0,1.0,0.0
417,1.6363674212670172,-0.1642645095836249,-0.4924511351160437,-2.8491317728531844,0.0,1.0,0.0,0.0
418,-0.10628653571991167,-0.1642645095836249,-0.4924511351160437,-2.0656080588262973,0.0,0.0,1.0,0.0
419,-0.49400357325423855,-0.1642645095836249,2.169752418854191,0.2849630832543645,0.0,0.0,1.0,0.0
420,2.224640749136764,-0.1642645095836249,-0.4924511351160437,1.3818962828920065,1.0,0.0,1.0,0.0
421,-1.0020064214082547,-0.1642645095836249,0.3949500495407011,-0.18515114516176784,1.0,0.0,1.0,0.0
422,-0.6114800883823827,-0.1642645095836249,-1.3798523197727885,0.5983725688651194,0.0,0.0,1.0,0.0
423,2.7377140330560077,-0.1642645095836249,-0.4924511351160437,0.12825834044898704,0.0,1.0,1.0,0.0
424,-0.6093902466142822,-0.1642645095836249,1.7260518265258185,1.2251915400866291,1.0,0.0,1.0,0.0
425,-0.65159819838969,-0.1642645095836249,-0.4924511351160437,-0.6552653735779002,0.0,1.0,1.0,0.0
426,-0.6224089330385151,-0.1642645095836249,-0.4924511351160437,-0.028446402356390392,0.0,0.0,1.0,0.0
427,0.48116455932304186,-0.1642645095836249,-0.04875054278767131,1.2251915400866291,0.0,0.0,1.0,0.0
428,1.300827908532971,-0.1642645095836249,0.8386506418690736,0.5983725688651194,0.0,1.0,1.0,0.0
429,-0.00546023533433913,-0.1642645095836249,-0.04875054278767131,-0.6552653735779002,1.0,0.0,1.0,0.0
430,0.005126012310629153,-0.1642645095836249,-0.9361517274444162,0.2849630832543645,1.0,0.0,0.0,0.0
431,0.5616063375443547,-0.1642645095836249,0.3949500495407011,0.4416678260597419,1.0,0.0,0.0,0.0
432,-0.675168872757775,-0.1642645095836249,0.3949500495407011,-0.6552653735779002,0.0,0.0,1.0,0.0
433,-0.7271408393513575,-0.1642645095836249,0.8386506418690736,-1.7521985732155423,0.0,0.0,1.0,0.0
434,-0.7462920122754265,-0.1642645095836249,-0.04875054278767131,-0.028446402356390392,1.0,0.0,1.0,0.0
435,1.6475360838309645,-0.1642645095836249,0.3949500495407011,0.9117820544758742,0.0,1.0,0.0,0.0
436,0.3041789433557065,-0.1642645095836249,-0.04875054278767131,-0.6552653735779002,0.0,1.0,1.0,0.0
437,-0.45340582743130164,-0.1642645095836249,-0.04875054278767131,-0.968674859188655,0.0,1.0,1.0,0.0
438,-0.9705902754845135,-0.1642645095836249,-0.4924511351160437,1.5386010256973839,0.0,0.0,1.0,0.0
439,-0.22201580609111926,-0.1642645095836249,-0.9361517274444162,-0.18515114516176784,1.0,0.0,0.0,0.0
440,3.2202961829816528,-0.1642645095836249,-0.4924511351160437,-0.028446402356390392,1.0,0.0,0.0,0.0
441,-0.7033646067765741,-0.1642645095836249,-1.823552912101161,-2.8491317728531844,1.0,0.0,1.0,0.0
442,-0.012414954660968742,-0.1642645095836249,0.8386506418690736,-0.6552653735779002,1.0,0.0,1.0,0.0
443,-0.5525191427610541,-0.1642645095836249,-0.9361517274444162,0.7550773116704967,0.0,1.0,1.0,0.0
444,-0.1594233321514519,-0.1642645095836249,-0.4924511351160437,0.12825834044898704,0.0,1.0,1.0,0.0
445,-0.8476664678788614,-0.1642645095836249,2.169752418854191,-0.968674859188655,0.0,0.0,0.0,0.0
446,-0.9462316279907514,-0.1642645095836249,-0.04875054278767131,0.12825834044898704,1.0,0.0,1.0,0.0
447,-0.7684922985988553,-0.1642645095836249,-0.9361517274444162,0.2849630832543645,1.0,0.0,1.0,0.0
448,-0.778941507439358,-0.1642645095836249,1.282351234197446,0.5983725688651194,0.0,0.0,1.0,0.0
449,1.341939549872654,-0.1642645095836249,0.3949500495407011,-2.0656080588262973,0.0,0.0,1.0,0.0
450,1.5329031238954816,-0.1642645095836249,0.8386506418690736,1.6953057685027615,0.0,1.0,1.0,0.0
451,-0.8324551605831787,-0.1642645095836249,-0.04875054278767131,-0.6552653735779002,0.0,0.0,1.0,0.0
452,-0.8343737038456972,-0.1642645095836249,-0.4924511351160437,-1.28208434479941,1.0,0.0,1.0,0.0
453,-0.6513583804818752,-0.1642645095836249,0.3949500495407011,-0.028446402356390392,0.0,1.0,1.0,0.0
454,1.0740972065446197,-0.1642645095836249,-0.04875054278767131,0.5983725688651194,0.0,0.0,1.0,0.0
455,-0.26710157276030494,-0.1642645095836249,-1.3798523197727885,1.3818962828920065,0.0,0.0,1.0,0.0
456,-0.3730668283133379,-0.1642645095836249,0.3949500495407011,-0.18515114516176784,1.0,0.0,1.0,0.0
457,-0.6991506635392567,-0.1642645095836249,-0.9361517274444162,1.2251915400866291,0.0,1.0,1.0,0.0
458,-0.07425371517607526,-0.1642645095836249,0.8386506418690736,-0.6552653735779002,1.0,0.0,0.0,0.0
459,0.2713238899850766,-0.1642645095836249,0.3949500495407011,-0.6552653735779002,1.0,0.0,1.0,0.0
460,-0.9887821767773233,-0.1642645095836249,-0.4924511351160437,0.5983725688651194,0.0,1.0,1.0,0.0
461,1.3694500898691255,-0.1642645095836249,0.3949500495407011,0.2849630832543645,0.0,1.0,1.0,0.0
462,-0.9597642099317304,-0.1642645095836249,-1.3798523197727885,0.9117820544758742,0.0,0.0,1.0,0.0
463,0.01564374055336489,-0.1642645095836249,-0.4924511351160437,0.2849630832543645,0.0,1.0,1.0,0.0
464,0.497266618847751,-0.1642645095836249,0.8386506418690736,-0.028446402356390392,1.0,0.0,1.0,0.0
465,1.1179153642724984,-0.1642645095836249,1.282351234197446,-0.028446402356390392,0.0,0.0,1.0,0.0
466,0.5064139590458305,-0.1642645095836249,1.7260518265258185,0.12825834044898704,0.0,0.0,1.0,0.0
467,-0.8023066236007446,-0.1642645095836249,-0.4924511351160437,1.6953057685027615,0.0,0.0,1.0,0.0
468,0.1687503448425676,-0.1642645095836249,0.3949500495407011,0.2849630832543645,0.0,0.0,1.0,0.0
469,-0.7730488388473369,-0.1642645095836249,-0.4924511351160437,0.9117820544758742,0.0,1.0,0.0,0.0
470,-0.9938526125425509,-0.1642645095836249,-1.823552912101161,-1.5954938304101647,0.0,1.0,1.0,0.0
471,-0.312221599130607,-0.1642645095836249,0.3949500495407011,-0.6552653735779002,0.0,0.0,1.0,0.0
472,0.4300148255562529,-0.1642645095836249,-0.04875054278767131,-0.8119701163832775,0.0,0.0,1.0,0.0
473,-0.8967606195786663,-0.1642645095836249,0.8386506418690736,0.12825834044898704,0.0,1.0,0.0,0.0
474,-0.7160064364885267,-0.1642645095836249,1.7260518265258185,-0.028446402356390392,1.0,0.0,0.0,0.0
475,3.884043632410835,-0.1642645095836249,0.8386506418690736,1.3818962828920065,0.0,0.0,1.0,0.0
476,-0.8351959366724909,-0.1642645095836249,1.282351234197446,-0.028446402356390392,0.0,0.0,0.0,0.0
477,-0.9426000996724128,-0.1642645095836249,1.282351234197446,-0.18515114516176784,0.0,1.0,1.0,0.0
478,0.1277757423073501,-0.1642645095836249,-1.3798523197727885,1.6953057685027615,0.0,1.0,1.0,0.0
479,0.07426208916352939,-0.1642645095836249,-1.823552912101161,0.9117820544758742,0.0,1.0,0.0,0.0
480,-0.5251799012701648,-0.1642645095836249,-0.04875054278767131,1.3818962828920065,0.0,0.0,1.0,0.0
481,0.17508838954910194,-0.1642645095836249,-0.4924511351160437,0.12825834044898704,1.0,0.0,0.0,0.0
482,0.23507712620392265,-0.1642645095836249,-0.4924511351160437,1.3818962828920065,0.0,0.0,1.0,0.0
483,-0.6799994906151876,-0.1642645095836249,-0.04875054278767131,1.2251915400866291,0.0,1.0,1.0,0.0
484,0.8282495913333154,-0.1642645095836249,1.282351234197446,-0.6552653735779002,0.0,0.0,1.0,0.0
485,-0.3720732969809621,6.087742279417393,-0.4924511351160437,1.3818962828920065,1.0,0.0,1.0,0.0
486,3.8339902090797713,6.087742279417393,-0.4924511351160437,-0.6552653735779002,0.0,0.0,1.0,0.0
487,1.4133710267003534,-0.1642645095836249,0.3949500495407011,-2.0656080588262973,0.0,0.0,1.0,0.0
488,0.037981065681259245,-0.1642645095836249,-0.9361517274444162,-0.6552653735779002,0.0,1.0,1.0,0.0
489,-0.44850669017165606,-0.1642645095836249,-1.3798523197727885,0.2849630832543645,0.0,0.0,1.0,0.0
490,-1.0161556779693288,-0.1642645095836249,-0.04875054278767131,1.5386010256973839,0.0,0.0,1.0,0.0
491,0.7112184523196845,-0.1642645095836249,-0.4924511351160437,0.2849630832543645,0.0,0.0,1.0,0.0
492,-0.791446298346845,-0.1642645095836249,-0.04875054278767131,-0.028446402356390392,1.0,0.0,1.0,0.0
493,-0.25408288633607196,-0.1642645095836249,-0.4924511351160437,-1.5954938304101647,1.0,0.0,1.0,0.0
494,1.2414215867971294,-0.1642645095836249,0.8386506418690736,0.5983725688651194,0.0,1.0,1.0,0.0
495,1.1554639966960756,-0.1642645095836249,0.3949500495407011,0.12825834044898704,0.0,0.0,1.0,0.0
496,-0.038006951394921495,-0.1642645095836249,0.3949500495407011,0.2849630832543645,1.0,0.0,0.0,0.0
497,0.0869039188754819,-0.1642645095836249,-0.4924511351160437,1.2251915400866291,1.0,0.0,0.0,0.0
498,1.2226815302864573,-0.1642645095836249,-1.3798523197727885,-0.8119701163832775,1.0,0.0,1.0,0.0
499,-0.47834688984404267,-0.1642645095836249,-0.4924511351160437,1.2251915400866291,1.0,0.0,1.0,0.0
500,-0.6053476018825467,-0.1642645095836249,-1.3798523197727885,1.2251915400866291,1.0,0.0,1.0,0.0
501,-0.14671298303726654,-0.1642645095836249,0.8386506418690736,0.4416678260597419,1.0,0.0,1.0,0.0
502,1.7073877816813197,-0.1642645095836249,-0.4924511351160437,-0.028446402356390392,0.0,1.0,1.0,0.0
503,-0.5082213492175456,-0.1642645095836249,-0.04875054278767131,0.9117820544758742,0.0,0.0,1.0,0.0
504,-1.007830570598043,-0.1642645095836249,-1.3798523197727885,-0.028446402356390392,0.0,1.0,0.0,0.0
505,-0.7859304864671042,-0.1642645095836249,0.8386506418690736,0.12825834044898704,0.0,1.0,0.0,0.0
506,0.6708947841056788,6.087742279417393,-0.04875054278767131,-1.28208434479941,1.0,0.0,1.0,0.0
507,-0.8908336912855286,-0.1642645095836249,-2.2672535044295334,-2.0656080588262973,0.0,0.0,1.0,0.0
508,-0.5844491842015411,-0.1642645095836249,-0.4924511351160437,-0.6552653735779002,1.0,0.0,0.0,0.0
509,-0.6876051442630291,-0.1642645095836249,-0.9361517274444162,-0.968674859188655,0.0,0.0,1.0,0.0
510,0.5164177917718199,-0.1642645095836249,-0.4924511351160437,0.2849630832543645,0.0,0.0,1.0,0.0
511,2.805479721864252,-0.1642645095836249,0.3949500495407011,-0.028446402356390392,0.0,0.0,1.0,0.0
512,-0.9899127469141646,-0.1642645095836249,-0.04875054278767131,-0.6552653735779002,0.0,1.0,1.0,0.0
513,-0.7949065281596016,-0.1642645095836249,-2.2672535044295334,0.7550773116704967,0.0,1.0,1.0,0.0
514,0.8298255375846697,-0.1642645095836249,-1.823552912101161,-0.3418558879671453,0.0,1.0,1.0,0.0
515,0.22589552630472676,-0.1642645095836249,2.169752418854191,0.2849630832543645,0.0,0.0,1.0,0.0
516,-0.7972019281344006,-0.1642645095836249,0.8386506418690736,0.5983725688651194,1.0,0.0,0.0,0.0
517,0.20756658620745155,-0.1642645095836249,-0.04875054278767131,0.2849630832543645,0.0,0.0,1.0,0.0
518,-0.4467251857136032,-0.1642645095836249,0.3949500495407011,-0.028446402356390392,1.0,0.0,1.0,0.0
519,-0.60188737206979,-0.1642645095836249,1.282351234197446,0.12825834044898704,1.0,0.0,1.0,0.0
520,-0.5482366801215037,-0.1642645095836249,-0.4924511351160437,-1.28208434479941,0.0,1.0,1.0,0.0
521,0.812044752705257,-0.1642645095836249,1.282351234197446,1.3818962828920065,0.0,1.0,1.0,1.0
522,0.5698286658122915,-0.1642645095836249,-0.04875054278767131,0.2849630832543645,0.0,1.0,1.0,0.0
523,0.07724268316065643,-0.1642645095836249,-0.9361517274444162,-0.6552653735779002,0.0,1.0,1.0,0.0
524,-0.28320363228501405,-0.1642645095836249,-0.04875054278767131,-2.8491317728531844,0.0,1.0,1.0,0.0
525,1.2416614047049441,-0.1642645095836249,-1.3798523197727885,-0.6552653735779002,1.0,0.0,1.0,0.0
526,0.16518733592646165,-0.1642645095836249,-0.9361517274444162,-0.028446402356390392,1.0,0.0,1.0,0.0
527,-0.5277836385550114,6.087742279417393,-2.2672535044295334,1.2251915400866291,0.0,0.0,1.0,0.0
528,-0.87377236012956,-0.1642645095836249,1.282351234197446,0.2849630832543645,1.0,0.0,1.0,0.0
529,2.623115332821641,-0.1642645095836249,1.282351234197446,0.9117820544758742,0.0,1.0,0.0,0.0
530,0.8366089584057175,-0.1642645095836249,-0.04875054278767131,0.2849630832543645,0.0,0.0,1.0,0.0
531,-0.8805557809506078,-0.1642645095836249,-0.04875054278767131,-0.8119701163832775,1.0,0.0,1.0,0.0
532,-0.6076087421562292,-0.1642645095836249,-0.04875054278767131,-0.6552653735779002,1.0,0.0,1.0,0.0
533,0.6888811271917901,-0.1642645095836249,-0.9361517274444162,0.7550773116704967,0.0,1.0,1.0,0.0
534,-0.24109845961295542,-0.1642645095836249,-0.9361517274444162,-2.0656080588262973,0.0,0.0,1.0,0.0
535,3.032895617874931,-0.1642645095836249,-0.9361517274444162,1.2251915400866291,0.0,1.0,1.0,0.0
536,-0.8244726502230569,-0.1642645095836249,-0.04875054278767131,1.3818962828920065,0.0,1.0,0.0,0.0
537,1.1381971073334087,-0.1642645095836249,-0.04875054278767131,0.12825834044898704,0.0,0.0,1.0,0.0
538,-0.8159077249439564,-0.1642645095836249,-0.04875054278767131,0.12825834044898704,0.0,1.0,1.0,0.0
539,-0.3799530282377347,-0.1642645095836249,0.3949500495407011,-0.18515114516176784,1.0,0.0,1.0,0.0
540,-0.229998316451241,-0.1642645095836249,1.282351234197446,0.2849630832543645,0.0,1.0,1.0,0.0
541,-0.796550993813189,-0.1642645095836249,-0.9361517274444162,0.2849630832543645,0.0,1.0,0.0,0.0
542,0.5464292899497885,-0.1642645095836249,-1.3798523197727885,-0.6552653735779002,0.0,1.0,0.0,0.0
543,0.8716566326477972,-0.1642645095836249,-0.04875054278767131,0.12825834044898704,0.0,0.0,0.0,0.0
544,0.2724544601219179,-0.1642645095836249,-0.4924511351160437,0.5983725688651194,0.0,0.0,1.0,0.0
545,-0.3187309423427235,-0.1642645095836249,-0.4924511351160437,-0.028446402356390392,1.0,0.0,0.0,0.0
546,0.42031933014031087,-0.1642645095836249,1.282351234197446,-1.7521985732155423,1.0,0.0,1.0,0.0
547,-0.686919950240701,-0.1642645095836249,2.169752418854191,1.6953057685027615,0.0,0.0,1.0,0.0
548,-0.5927057721705942,-0.1642645095836249,0.3949500495407011,1.3818962828920065,1.0,0.0,1.0,0.0
549,-0.7664367165318712,-0.1642645095836249,2.169752418854191,1.3818962828920065,0.0,1.0,1.0,0.0
550,-0.7542745226355483,-0.1642645095836249,0.8386506418690736,-0.028446402356390392,0.0,1.0,1.0,0.0
551,-0.655846401328124,-0.1642645095836249,0.8386506418690736,-0.6552653735779002,0.0,0.0,1.0,0.0
552,-0.17699855882416635,-0.1642645095836249,0.3949500495407011,0.12825834044898704,1.0,0.0,1.0,0.0
553,1.1128106688061543,-0.1642645095836249,0.3949500495407011,-0.18515114516176784,0.0,0.0,1.0,0.0
554,-0.8697297153978247,-0.1642645095836249,1.282351234197446,0.9117820544758742,0.0,0.0,1.0,0.0
555,3.375492629038956,-0.1642645095836249,-1.3798523197727885,-0.028446402356390392,1.0,0.0,1.0,0.0
556,-1.0125926690532232,-0.1642645095836249,-0.04875054278767131,0.5983725688651194,0.0,0.0,0.0,0.0
557,1.6206764781557048,-0.1642645095836249,-0.9361517274444162,0.12825834044898704,0.0,1.0,1.0,0.0
558,-0.1277331086187796,-0.1642645095836249,0.3949500495407011,-0.028446402356390392,1.0,0.0,1.0,0.0
559,0.20044056837523988,-0.1642645095836249,1.282351234197446,1.6953057685027615,1.0,0.0,0.0,0.0
560,-0.9268063774577512,-0.1642645095836249,0.3949500495407011,-0.6552653735779002,1.0,0.0,0.0,0.0
561,-0.6088078316953034,-0.1642645095836249,-0.04875054278767131,1.2251915400866291,0.0,0.0,1.0,0.0
562,-0.6550584282024468,-0.1642645095836249,-0.4924511351160437,-0.6552653735779002,0.0,1.0,1.0,0.0
563,-0.9782987082357041,-0.1642645095836249,-1.823552912101161,1.6953057685027615,0.0,1.0,1.0,0.0
564,0.23332988144698616,-0.1642645095836249,-0.9361517274444162,0.5983725688651194,1.0,0.0,1.0,0.0
565,-0.9188923864998623,-0.1642645095836249,0.3949500495407011,-1.28208434479941,1.0,0.0,0.0,0.0
566,0.07624915182828088,-0.1642645095836249,-0.4924511351160437,0.4416678260597419,0.0,0.0,1.0,0.0
567,0.1800217865098639,-0.1642645095836249,-1.823552912101161,1.5386010256973839,0.0,1.0,0.0,0.0
568,-0.45789384827755036,-0.1642645095836249,0.3949500495407011,-0.6552653735779002,1.0,0.0,0.0,0.0
569,-0.43531670524184113,-0.1642645095836249,2.613453011182563,1.3818962828920065,1.0,0.0,1.0,0.0
570,-0.12118950570554664,-0.1642645095836249,-0.4924511351160437,-1.28208434479941,0.0,0.0,0.0,0.0
571,-0.8774038884478987,-0.1642645095836249,0.3949500495407011,-2.8491317728531844,0.0,1.0,1.0,0.0
572,-0.6035318377233773,-0.1642645095836249,-0.04875054278767131,-0.968674859188655,1.0,0.0,0.0,0.0
573,0.18111809694558875,-0.1642645095836249,-1.3798523197727885,-0.6552653735779002,1.0,0.0,1.0,0.0
574,-0.26442931607322556,-0.1642645095836249,-0.4924511351160437,-2.0656080588262973,0.0,1.0,0.0,0.0
575,-0.9049144284443701,-0.1642645095836249,0.8386506418690736,0.2849630832543645,0.0,0.0,1.0,0.0
576,-0.660539980381071,-0.1642645095836249,1.282351234197446,0.4416678260597419,0.0,0.0,1.0,0.0
577,-0.17583372898620866,-0.1642645095836249,0.8386506418690736,0.12825834044898704,0.0,1.0,1.0,0.0
578,-0.8521887484262266,-0.1642645095836249,-0.9361517274444162,-1.5954938304101647,0.0,0.0,1.0,0.0
579,0.11787468868470982,-0.1642645095836249,-0.9361517274444162,1.3818962828920065,0.0,0.0,1.0,0.0
580,-0.6149403181951394,-0.1642645095836249,-0.04875054278767131,0.5983725688651194,0.0,1.0,1.0,0.0
581,-0.7297445766362041,-0.1642645095836249,-0.9361517274444162,-0.6552653735779002,1.0,0.0,0.0,0.0
582,-0.006693584574529667,-0.1642645095836249,0.8386506418690736,0.12825834044898704,0.0,1.0,1.0,0.0
583,0.7425318191400765,-0.1642645095836249,-0.9361517274444162,1.2251915400866291,1.0,0.0,1.0,0.0
584,2.379597377286253,-0.1642645095836249,0.3949500495407011,-0.028446402356390392,0.0,0.0,1.0,0.0
585,-0.6954848755198016,-0.1642645095836249,2.613453011182563,-1.7521985732155423,0.0,1.0,1.0,0.0
586,-0.7439966123006275,-0.1642645095836249,0.3949500495407011,-0.8119701163832775,1.0,0.0,1.0,0.0
587,-0.8336885098233693,-0.1642645095836249,-1.3798523197727885,-0.6552653735779002,0.0,1.0,1.0,0.0
588,-0.40670985480964505,-0.1642645095836249,-0.04875054278767131,-1.5954938304101647,1.0,0.0,0.0,0.0
589,0.7580172040446903,-0.1642645095836249,0.8386506418690736,0.2849630832543645,0.0,1.0,1.0,0.0
590,-0.9830608066908841,-0.1642645095836249,-0.4924511351160437,-1.28208434479941,0.0,1.0,1.0,0.0
591,-0.3390812048058665,-0.1642645095836249,-0.4924511351160437,1.2251915400866291,1.0,0.0,0.0,0.0
592,-0.6528658073309969,-0.1642645095836249,-0.04875054278767131,0.7550773116704967,1.0,0.0,1.0,0.0
593,-0.5413847398982232,-0.1642645095836249,0.3949500495407011,1.6953057685027615,0.0,0.0,1.0,0.0
594,0.05096549240437586,-0.1642645095836249,-0.9361517274444162,-0.6552653735779002,0.0,0.0,1.0,0.0
595,0.16621512695995377,-0.1642645095836249,-0.04875054278767131,-1.5954938304101647,1.0,0.0,1.0,0.0
596,-0.5465579547668,-0.1642645095836249,0.3949500495407011,1.3818962828920065,1.0,0.0,1.0,0.0
597,-0.4781755913384606,-0.1642645095836249,-0.4924511351160437,-0.18515114516176784,0.0,0.0,1.0,0.0
598,1.8240420639826698,-0.1642645095836249,0.8386506418690736,0.12825834044898704,0.0,1.0,0.0,0.0
599,0.47246259523947554,-0.1642645095836249,-0.9361517274444162,1.3818962828920065,0.0,0.0,1.0,0.0
600,-0.6410119507447216,-0.1642645095836249,-0.9361517274444162,-0.028446402356390392,0.0,1.0,1.0,0.0
601,0.10896716639444509,6.087742279417393,-0.4924511351160437,0.4416678260597419,0.0,1.0,1.0,0.0
602,1.1573140205563612,-0.1642645095836249,-0.4924511351160437,0.4416678260597419,0.0,0.0,1.0,0.0
603,1.6183468184797896,-0.1642645095836249,-0.04875054278767131,-0.028446402356390392,1.0,0.0,1.0,0.0
604,-0.4197628009349944,-0.1642645095836249,0.3949500495407011,0.12825834044898704,1.0,0.0,1.0,0.0
605,-0.9945035468637625,-0.1642645095836249,-0.9361517274444162,-0.6552653735779002,1.0,0.0,1.0,0.0
606,-0.4194887233260632,-0.1642645095836249,2.169752418854191,0.5983725688651194,0.0,0.0,1.0,0.0
607,-0.908066320947079,-0.1642645095836249,0.3949500495407011,1.3818962828920065,0.0,1.0,1.0,0.0
608,-0.6021957093798377,-0.1642645095836249,-0.9361517274444162,-1.5954938304101647,0.0,1.0,1.0,0.0
609,-0.827281945714602,-0.1642645095836249,-0.9361517274444162,-2.0656080588262973,0.0,0.0,1.0,0.0
610,0.43546211803376084,-0.1642645095836249,-0.04875054278767131,0.7550773116704967,0.0,1.0,0.0,0.0
611,-0.8990902792545815,-0.1642645095836249,1.282351234197446,0.12825834044898704,1.0,0.0,1.0,0.0
612,-0.8971374762909465,-0.1642645095836249,-0.04875054278767131,0.7550773116704967,1.0,0.0,1.0,0.0
613,-1.0077620511958103,-0.1642645095836249,-1.823552912101161,1.6953057685027615,0.0,0.0,1.0,0.0
614,3.578960993969271,-0.1642645095836249,-0.9361517274444162,1.6953057685027615,1.0,0.0,0.0,0.0
615,-0.543234763758509,-0.1642645095836249,-0.04875054278767131,1.5386010256973839,0.0,1.0,0.0,0.0
616,-0.14619908752052058,-0.1642645095836249,-0.04875054278767131,-0.028446402356390392,0.0,0.0,0.0,0.0
617,-0.6251839688289437,-0.1642645095836249,0.8386506418690736,-2.8491317728531844,0.0,1.0,1.0,0.0
618,-0.4333296425770897,-0.1642645095836249,0.3949500495407011,-0.3418558879671453,0.0,0.0,1.0,0.0
619,-0.44213438576400527,-0.1642645095836249,1.282351234197446,1.3818962828920065,0.0,0.0,1.0,0.0
620,0.42196379579389826,-0.1642645095836249,-0.04875054278767131,0.7550773116704967,1.0,0.0,1.0,0.0
621,0.3798243634207232,-0.1642645095836249,1.7260518265258185,-0.028446402356390392,1.0,0.0,1.0,0.0
622,2.962868788793005,-0.1642645095836249,-0.4924511351160437,0.5983725688651194,0.0,1.0,0.0,0.0
623,0.1527168047200912,-0.1642645095836249,-0.9361517274444162,-0.18515114516176784,1.0,0.0,0.0,0.0
624,0.9699477151507562,-0.1642645095836249,0.3949500495407011,1.2251915400866291,0.0,0.0,1.0,0.0
625,1.7950240971370768,-0.1642645095836249,0.3949500495407011,0.2849630832543645,1.0,0.0,0.0,0.0
626,-0.15116674418239892,-0.1642645095836249,-0.9361517274444162,0.2849630832543645,1.0,0.0,1.0,0.0
627,-0.9414010101333387,-0.1642645095836249,0.8386506418690736,-0.18515114516176784,0.0,1.0,1.0,0.0
628,-0.10628653571991167,-0.1642645095836249,0.8386506418690736,0.2849630832543645,0.0,1.0,0.0,0.0
629,0.2638552751417009,-0.1642645095836249,-0.9361517274444162,0.2849630832543645,0.0,1.0,0.0,0.0
630,0.14305556900526573,-0.1642645095836249,0.8386506418690736,0.2849630832543645,0.0,0.0,0.0,0.0
631,1.7567217512889395,-0.1642645095836249,-1.823552912101161,-0.8119701163832775,0.0,0.0,1.0,0.0
632,-0.9858701021824291,-0.1642645095836249,-0.9361517274444162,0.5983725688651194,0.0,0.0,1.0,0.0
633,-0.5550886203447842,-0.1642645095836249,-0.4924511351160437,0.2849630832543645,1.0,0.0,0.0,0.0
634,0.14545374808341385,-0.1642645095836249,1.282351234197446,0.5983725688651194,0.0,0.0,1.0,0.0
635,-0.04845616023542429,-0.1642645095836249,-0.04875054278767131,0.12825834044898704,1.0,0.0,1.0,0.0
636,-0.673558666805304,-0.1642645095836249,-0.04875054278767131,-0.18515114516176784,0.0,0.0,1.0,0.0
637,-0.708195224633987,6.087742279417393,-0.04875054278767131,-2.8491317728531844,1.0,0.0,1.0,1.0
638,1.224976930261256,-0.1642645095836249,-0.4924511351160437,0.2849630832543645,0.0,0.0,1.0,0.0
639,0.07864733090642902,-0.1642645095836249,0.3949500495407011,-0.6552653735779002,0.0,1.0,1.0,0.0
640,-0.877335369045666,-0.1642645095836249,0.3949500495407011,-0.6552653735779002,0.0,1.0,1.0,0.0
641,-0.7744877462942258,-0.1642645095836249,-0.4924511351160437,0.12825834044898704,1.0,0.0,0.0,0.0
642,0.5808260298706566,-0.1642645095836249,1.282351234197446,0.2849630832543645,1.0,0.0,0.0,0.0
643,-0.2130740240997382,-0.1642645095836249,1.282351234197446,0.5983725688651194,1.0,0.0,1.0,0.0
644,-0.4737218301933283,-0.1642645095836249,0.8386506418690736,0.2849630832543645,1.0,0.0,1.0,0.0
645,-0.845405327605179,-0.1642645095836249,0.8386506418690736,1.2251915400866291,0.0,1.0,0.0,0.0
646,-0.824643948728639,-0.1642645095836249,-0.04875054278767131,0.5983725688651194,1.0,0.0,0.0,0.0
647,-0.950274272722487,-0.1642645095836249,-0.4924511351160437,0.12825834044898704,0.0,0.0,1.0,0.0
648,-0.8468784947531842,-0.1642645095836249,-0.9361517274444162,-0.028446402356390392,1.0,0.0,1.0,0.0
649,-0.7664367165318712,-0.1642645095836249,-0.4924511351160437,1.5386010256973839,1.0,0.0,1.0,0.0
650,-0.6097671033265626,-0.1642645095836249,0.8386506418690736,-0.028446402356390392,0.0,0.0,1.0,0.0
651,3.2322528186712773,-0.1642645095836249,-0.9361517274444162,0.7550773116704967,1.0,0.0,1.0,0.0
652,-0.6201477927648326,-0.1642645095836249,-0.04875054278767131,-0.028446402356390392,1.0,0.0,1.0,0.0
653,5.555266112570064,-0.1642645095836249,-0.04875054278767131,-2.692427030047807,0.0,0.0,1.0,0.0
654,0.32329585657865906,6.087742279417393,-1.3798523197727885,-0.6552653735779002,0.0,0.0,1.0,0.0
655,-0.4842052987349475,6.087742279417393,0.3949500495407011,-0.6552653735779002,1.0,0.0,0.0,0.0
656,0.44334184929053344,-0.1642645095836249,1.282351234197446,1.3818962828920065,1.0,0.0,0.0,0.0
657,0.5004870307526929,-0.1642645095836249,0.8386506418690736,1.2251915400866291,0.0,0.0,1.0,0.0
658,-0.6709206698193411,-0.1642645095836249,1.282351234197446,1.2251915400866291,1.0,0.0,1.0,0.0
659,-0.7880545879363211,-0.1642645095836249,0.8386506418690736,1.3818962828920065,1.0,0.0,1.0,0.0
660,0.09831239934724408,-0.1642645095836249,2.169752418854191,0.4416678260597419,0.0,1.0,1.0,0.0
661,-0.4763255674781749,-0.1642645095836249,-0.9361517274444162,-0.968674859188655,0.0,0.0,1.0,0.0
662,-0.8276245427257659,-0.1642645095836249,-0.4924511351160437,0.5983725688651194,0.0,1.0,1.0,0.0
663,-0.03190872459620194,-0.1642645095836249,1.282351234197446,-2.692427030047807,0.0,1.0,1.0,0.0
664,-0.1778893110531929,-0.1642645095836249,0.3949500495407011,-2.692427030047807,1.0,0.0,0.0,0.0
665,-0.4981832567904397,-0.1642645095836249,0.8386506418690736,1.5386010256973839,0.0,1.0,0.0,0.0
666,-0.6277877061137903,-0.1642645095836249,-1.823552912101161,-2.0656080588262973,1.0,0.0,0.0,0.0
667,0.25926447519210283,-0.1642645095836249,0.8386506418690736,0.7550773116704967,0.0,1.0,0.0,0.0
668,0.7092999090571659,-0.1642645095836249,-1.823552912101161,-2.692427030047807,0.0,1.0,1.0,0.0
669,-0.5871214408886205,-0.1642645095836249,-0.04875054278767131,0.2849630832543645,0.0,0.0,1.0,0.0
670,1.7902619986818973,-0.1642645095836249,-0.9361517274444162,0.2849630832543645,1.0,0.0,1.0,0.0
671,2.3612341774878605,-0.1642645095836249,-1.3798523197727885,0.5983725688651194,0.0,1.0,0.0,0.0
672,-0.9908720185454238,-0.1642645095836249,-0.04875054278767131,0.12825834044898704,0.0,0.0,1.0,0.0
673,-0.34295255103202,-0.1642645095836249,1.282351234197446,0.12825834044898704,0.0,1.0,0.0,0.0
674,1.1661187637432768,-0.1642645095836249,-0.9361517274444162,-0.18515114516176784,1.0,0.0,1.0,0.0
675,-0.9732282724704766,-0.1642645095836249,-0.04875054278767131,0.2849630832543645,0.0,0.0,1.0,0.0
676,0.4608142968598988,-0.1642645095836249,-0.4924511351160437,-0.3418558879671453,0.0,0.0,1.0,0.0
677,0.26577381840421943,-0.1642645095836249,0.8386506418690736,1.6953057685027615,0.0,0.0,1.0,0.0
678,1.182255082969102,-0.1642645095836249,0.8386506418690736,0.12825834044898704,1.0,0.0,1.0,0.0
679,-0.7508142928227917,-0.1642645095836249,-1.3798523197727885,-0.028446402356390392,0.0,1.0,0.0,0.0
680,-0.5408708443814771,6.087742279417393,-0.4924511351160437,0.5983725688651194,1.0,0.0,1.0,0.0
681,0.6934034077391552,-0.1642645095836249,0.8386506418690736,-0.028446402356390392,1.0,0.0,1.0,0.0
682,-0.9850478693556355,-0.1642645095836249,-0.9361517274444162,-2.8491317728531844,0.0,1.0,1.0,0.0
683,-0.606306873513806,-0.1642645095836249,1.282351234197446,-0.028446402356390392,0.0,0.0,1.0,0.0
684,0.9623420615029147,-0.1642645095836249,-0.9361517274444162,-0.6552653735779002,1.0,0.0,1.0,0.0
685,-0.610829154061171,-0.1642645095836249,0.8386506418690736,0.2849630832543645,1.0,0.0,1.0,0.0
686,-0.057123864617874026,-0.1642645095836249,0.3949500495407011,-0.6552653735779002,0.0,1.0,1.0,0.0
687,-0.8742177362440733,-0.1642645095836249,-0.9361517274444162,-0.968674859188655,0.0,1.0,1.0,0.0
688,-0.7556449106802043,6.087742279417393,0.3949500495407011,0.12825834044898704,0.0,0.0,1.0,0.0
689,-0.9421547235578996,-0.1642645095836249,-0.9361517274444162,0.2849630832543645,0.0,0.0,1.0,0.0
690,0.9290073723166551,-0.1642645095836249,-1.823552912101161,-1.28208434479941,0.0,0.0,1.0,0.0
691,-0.9306777236839047,-0.1642645095836249,-0.04875054278767131,-0.028446402356390392,0.0,1.0,0.0,0.0
692,-0.6566001147526848,-0.1642645095836249,0.8386506418690736,1.3818962828920065,1.0,0.0,1.0,0.0
693,1.492682234784825,-0.1642645095836249,0.3949500495407011,-0.6552653735779002,0.0,0.0,1.0,0.0
694,0.18005604621098026,-0.1642645095836249,0.3949500495407011,0.12825834044898704,0.0,0.0,0.0,0.0
695,2.9243608847381686,-0.1642645095836249,-1.823552912101161,0.2849630832543645,0.0,0.0,1.0,0.0
696,-0.3902994579748883,-0.1642645095836249,-0.04875054278767131,-0.028446402356390392,0.0,1.0,1.0,0.0
697,-0.0662026854137208,-0.1642645095836249,-0.04875054278767131,1.2251915400866291,1.0,0.0,1.0,0.0
698,0.5916863551245563,-0.1642645095836249,-1.3798523197727885,-0.028446402356390392,0.0,0.0,1.0,0.0
699,-0.12300526986471606,-0.1642645095836249,-0.04875054278767131,1.2251915400866291,0.0,0.0,1.0,0.0
700,0.2310687411733037,-0.1642645095836249,0.3949500495407011,-0.6552653735779002,1.0,0.0,1.0,0.0
701,-0.29632509781259625,-0.1642645095836249,1.282351234197446,0.7550773116704967,1.0,0.0,1.0,0.0
702,-0.9459232906807038,-0.1642645095836249,0.3949500495407011,0.4416678260597419,0.0,0.0,1.0,0.0
703,-0.8017242086817657,-0.1642645095836249,-0.04875054278767131,-0.8119701163832775,0.0,0.0,1.0,0.0
704,0.08313535175267775,-0.1642645095836249,-0.04875054278767131,-0.028446402356390392,0.0,0.0,1.0,0.0
705,-0.9780588903278893,-0.1642645095836249,-1.3798523197727885,0.12825834044898704,1.0,0.0,1.0,0.0
706,1.1817754471534725,-0.1642645095836249,1.282351234197446,-0.6552653735779002,1.0,0.0,1.0,0.0
707,-0.29855197838516245,-0.1642645095836249,1.282351234197446,-0.6552653735779002,0.0,0.0,1.0,0.0
708,0.05500813713611118,-0.1642645095836249,-0.4924511351160437,0.12825834044898704,1.0,0.0,0.0,0.0
709,-0.6777726100426216,-0.1642645095836249,-0.04875054278767131,-0.968674859188655,1.0,0.0,1.0,0.0
710,-0.6244645151054993,-0.1642645095836249,0.3949500495407011,0.4416678260597419,1.0,0.0,1.0,0.0
711,-0.9044005329276239,-0.1642645095836249,1.7260518265258185,-0.6552653735779002,0.0,1.0,1.0,0.0
712,0.6886070495828588,-0.1642645095836249,-0.9361517274444162,1.3818962828920065,0.0,1.0,0.0,0.0
713,-0.6810272816486798,-0.1642645095836249,-0.04875054278767131,-0.3418558879671453,1.0,0.0,1.0,0.0
714,-1.0131408242710855,-0.1642645095836249,0.3949500495407011,-1.7521985732155423,0.0,0.0,1.0,0.0
715,-0.7491698271692042,-0.1642645095836249,1.282351234197446,0.12825834044898704,0.0,1.0,0.0,0.0
716,-0.35391565538926884,-0.1642645095836249,1.7260518265258185,0.2849630832543645,1.0,0.0,0.0,0.0
717,-0.9211192670724283,-0.1642645095836249,-0.4924511351160437,0.2849630832543645,0.0,0.0,1.0,0.0
718,-0.6580047624984573,-0.1642645095836249,-1.3798523197727885,0.12825834044898704,0.0,1.0,1.0,0.0
719,1.5065574137369684,-0.1642645095836249,0.8386506418690736,0.7550773116704967,0.0,1.0,1.0,0.0
720,-0.20464613762510314,-0.1642645095836249,-0.4924511351160437,1.2251915400866291,0.0,0.0,1.0,0.0
721,0.38376422904910956,-0.1642645095836249,-0.04875054278767131,0.2849630832543645,1.0,0.0,1.0,0.0
722,-0.7607838658476648,-0.1642645095836249,-0.04875054278767131,0.12825834044898704,0.0,1.0,0.0,0.0
723,-0.7703080627580247,-0.1642645095836249,-0.4924511351160437,-0.6552653735779002,0.0,0.0,1.0,0.0
724,-0.8855576973136026,-0.1642645095836249,1.282351234197446,-0.8119701163832775,0.0,1.0,1.0,0.0
725,3.4677540041454282,-0.1642645095836249,0.3949500495407011,-0.3418558879671453,0.0,0.0,1.0,0.0
726,1.4792866916483118,-0.1642645095836249,-0.9361517274444162,1.5386010256973839,0.0,0.0,1.0,0.0
727,-0.5485107577304349,-0.1642645095836249,-0.04875054278767131,1.6953057685027615,0.0,0.0,1.0,0.0
728,0.7095739866660971,-0.1642645095836249,-0.4924511351160437,0.5983725688651194,0.0,1.0,1.0,0.0
729,0.2530977289911505,-0.1642645095836249,-1.3798523197727885,-0.6552653735779002,1.0,0.0,0.0,0.0
730,0.45481884916452836,-0.1642645095836249,-0.04875054278767131,1.3818962828920065,0.0,1.0,1.0,0.0
731,-0.23047795226687068,-0.1642645095836249,0.3949500495407011,-0.6552653735779002,1.0,0.0,1.0,0.0
732,-0.6025725660921182,-0.1642645095836249,-1.3798523197727885,0.12825834044898704,0.0,0.0,1.0,0.0
733,-0.6808217234419813,-0.1642645095836249,-1.3798523197727885,0.5983725688651194,0.0,1.0,1.0,0.0
734,-0.6168246017565414,-0.1642645095836249,0.3949500495407011,0.12825834044898704,0.0,0.0,1.0,0.0
735,-0.18141806026818236,-0.1642645095836249,-0.4924511351160437,1.2251915400866291,1.0,0.0,1.0,0.0
736,0.08337516966049253,-0.1642645095836249,-0.4924511351160437,-0.6552653735779002,0.0,0.0,1.0,0.0
737,2.724112931712796,-0.1642645095836249,-0.04875054278767131,-0.8119701163832775,1.0,0.0,1.0,0.0
738,-0.04920987365998504,-0.1642645095836249,-1.3798523197727885,-2.0656080588262973,0.0,1.0,1.0,0.0
739,0.16806515082023937,-0.1642645095836249,1.282351234197446,-1.7521985732155423,0.0,1.0,1.0,0.0
740,0.28787132562429896,-0.1642645095836249,0.3949500495407011,-0.6552653735779002,0.0,1.0,1.0,0.0
741,0.31195589550912983,-0.1642645095836249,-0.04875054278767131,1.3818962828920065,0.0,0.0,1.0,0.0
742,-0.9194405417177247,-0.1642645095836249,-0.4924511351160437,-0.028446402356390392,0.0,0.0,1.0,0.0
743,-0.8593832856606711,-0.1642645095836249,-0.04875054278767131,0.12825834044898704,1.0,0.0,1.0,1.0
744,0.1748828313424035,-0.1642645095836249,-0.4924511351160437,-0.028446402356390392,0.0,1.0,1.0,0.0
745,0.07391949215236548,-0.1642645095836249,0.8386506418690736,1.2251915400866291,0.0,1.0,1.0,0.0
746,-0.7661968986240564,-0.1642645095836249,0.8386506418690736,0.2849630832543645,0.0,0.0,1.0,0.0
747,0.31531334621853735,-0.1642645095836249,2.169752418854191,0.2849630832543645,0.0,1.0,1.0,0.0
748,-0.2740220323858182,-0.1642645095836249,-0.4924511351160437,0.12825834044898704,0.0,0.0,1.0,0.0
749,-0.33490152126966544,-0.1642645095836249,0.3949500495407011,-1.5954938304101647,0.0,0.0,1.0,0.0
750,-0.8264939725889248,-0.1642645095836249,-0.04875054278767131,1.3818962828920065,0.0,0.0,1.0,0.0
751,-0.16665212908701288,-0.1642645095836249,-0.4924511351160437,-0.3418558879671453,1.0,0.0,0.0,0.0
752,-0.531072569862186,-0.1642645095836249,0.3949500495407011,-0.028446402356390392,0.0,0.0,1.0,0.0
753,2.4774430836746983,-0.1642645095836249,1.282351234197446,1.6953057685027615,0.0,0.0,1.0,0.0
754,-0.7306010691641142,6.087742279417393,0.3949500495407011,0.5983725688651194,0.0,1.0,1.0,0.0
755,4.487870864587428,-0.1642645095836249,2.613453011182563,-0.6552653735779002,0.0,0.0,1.0,0.0
756,0.12397291548342937,-0.1642645095836249,-0.4924511351160437,-0.028446402356390392,0.0,0.0,1.0,0.0
757,0.11989601105057748,-0.1642645095836249,-0.4924511351160437,-0.028446402356390392,0.0,1.0,1.0,0.0
758,-0.20824340624232543,-0.1642645095836249,-0.4924511351160437,1.3818962828920065,1.0,0.0,1.0,0.0
759,0.4118229242634432,-0.1642645095836249,1.282351234197446,1.2251915400866291,1.0,0.0,0.0,0.0
760,0.07426208916352939,-0.1642645095836249,0.3949500495407011,-0.028446402356390392,0.0,0.0,1.0,0.0
761,0.29636773150116685,-0.1642645095836249,-0.4924511351160437,0.5983725688651194,1.0,0.0,1.0,0.0
762,1.7918722046343682,-0.1642645095836249,-0.04875054278767131,0.12825834044898704,1.0,0.0,0.0,0.0
763,0.607000441523588,6.087742279417393,-0.9361517274444162,-0.18515114516176784,0.0,1.0,0.0,0.0
764,0.8397951106095431,-0.1642645095836249,1.282351234197446,-0.18515114516176784,1.0,0.0,0.0,0.0
765,-0.7461549734709608,-0.1642645095836249,-1.823552912101161,1.6953057685027615,0.0,0.0,1.0,0.0
766,-0.8611305304176076,-0.1642645095836249,-0.9361517274444162,-0.028446402356390392,1.0,0.0,1.0,0.0
767,0.10348561421582081,-0.1642645095836249,-0.9361517274444162,-0.3418558879671453,0.0,0.0,1.0,0.0
768,0.5077158276882537,-0.1642645095836249,-0.04875054278767131,-0.6552653735779002,0.0,0.0,1.0,0.0
769,-0.8280699188402793,-0.1642645095836249,0.3949500495407011,0.12825834044898704,0.0,1.0,1.0,0.0
770,-0.47683946299492097,-0.1642645095836249,-0.4924511351160437,-0.968674859188655,1.0,0.0,1.0,0.0
771,-0.6728734727829759,-0.1642645095836249,-0.04875054278767131,0.4416678260597419,0.0,1.0,0.0,0.0
772,1.8142095297622627,-0.1642645095836249,1.282351234197446,-2.0656080588262973,1.0,0.0,1.0,0.0
773,-0.8072400205615066,-0.1642645095836249,-0.4924511351160437,-0.6552653735779002,0.0,0.0,1.0,0.0
774,-0.9263267416421216,6.087742279417393,-0.4924511351160437,-0.028446402356390392,0.0,0.0,1.0,0.0
775,-0.4243193411834759,-0.1642645095836249,0.8386506418690736,0.5983725688651194,0.0,1.0,1.0,0.0
776,-0.4161997920188885,-0.1642645095836249,-0.4924511351160437,-0.028446402356390392,1.0,0.0,1.0,0.0
777,-0.7166916305108547,-0.1642645095836249,0.8386506418690736,1.6953057685027615,0.0,1.0,1.0,0.0
778,0.9261295574228772,-0.1642645095836249,-0.04875054278767131,-0.8119701163832775,0.0,1.0,1.0,0.0
779,-0.546386656261218,-0.1642645095836249,0.8386506418690736,-0.6552653735779002,0.0,1.0,0.0,0.0
780,0.5458811347319261,-0.1642645095836249,1.282351234197446,-0.6552653735779002,1.0,0.0,0.0,0.0
781,-0.6720854996572987,-0.1642645095836249,-1.3798523197727885,0.2849630832543645,0.0,1.0,1.0,0.0
782,0.010333486880322462,-0.1642645095836249,-0.4924511351160437,-2.0656080588262973,0.0,1.0,1.0,0.0
783,-0.10844489689024502,-0.1642645095836249,-0.9361517274444162,0.2849630832543645,0.0,1.0,1.0,0.0
784,0.16426232399631885,-0.1642645095836249,-0.4924511351160437,-0.028446402356390392,0.0,1.0,1.0,0.0
785,0.3903078319623423,-0.1642645095836249,-0.9361517274444162,1.5386010256973839,0.0,0.0,1.0,0.0
786,-0.6385452522643408,-0.1642645095836249,1.7260518265258185,-2.692427030047807,1.0,0.0,1.0,0.0
787,0.06432677583977275,-0.1642645095836249,-0.4924511351160437,0.12825834044898704,0.0,0.0,1.0,0.0
788,-0.12663679818305473,-0.1642645095836249,-0.04875054278767131,1.6953057685027615,1.0,0.0,1.0,0.0
789,-0.7031247888687593,-0.1642645095836249,-1.3798523197727885,-1.5954938304101647,0.0,0.0,1.0,0.0
790,-0.12173766092340917,-0.1642645095836249,-1.3798523197727885,1.3818962828920065,1.0,0.0,1.0,0.0
791,-0.7985723161790567,-0.1642645095836249,1.282351234197446,0.4416678260597419,0.0,0.0,1.0,0.0
792,-0.15089266657346764,-0.1642645095836249,-0.9361517274444162,0.12825834044898704,0.0,0.0,1.0,0.0
793,0.3792076888006279,-0.1642645095836249,-0.4924511351160437,-0.6552653735779002,1.0,0.0,0.0,0.0
794,-0.4167822069378674,6.087742279417393,0.3949500495407011,-0.18515114516176784,0.0,0.0,1.0,0.0
795,-0.33616913021097233,-0.1642645095836249,-0.9361517274444162,0.5983725688651194,0.0,1.0,1.0,0.0
796,-0.8445830947783852,-0.1642645095836249,-0.4924511351160437,-1.5954938304101647,1.0,0.0,1.0,0.0
797,0.47369594447966606,-0.1642645095836249,-0.9361517274444162,0.12825834044898704,0.0,0.0,1.0,0.0
798,-0.7635246419369769,-0.1642645095836249,2.169752418854191,0.12825834044898704,1.0,0.0,0.0,0.0
799,-0.3933143116731317,-0.1642645095836249,-0.04875054278767131,-1.28208434479941,0.0,1.0,0.0,0.0
800,1.1331951909704139,-0.1642645095836249,1.282351234197446,-0.028446402356390392,0.0,1.0,1.0,0.0
801,-0.10005127011672645,-0.1642645095836249,0.3949500495407011,-0.028446402356390392,0.0,1.0,1.0,0.0
802,0.22157880396406007,-0.1642645095836249,-0.04875054278767131,0.12825834044898704,0.0,0.0,1.0,0.0
803,0.8995097696554325,-0.1642645095836249,-0.04875054278767131,0.5983725688651194,0.0,1.0,0.0,0.0
804,0.18635983121639843,-0.1642645095836249,0.8386506418690736,0.12825834044898704,0.0,0.0,1.0,0.0
805,-0.5660859844031494,-0.1642645095836249,2.613453011182563,0.12825834044898704,1.0,0.0,1.0,0.0
806,-0.9346861087145238,-0.1642645095836249,0.3949500495407011,-0.6552653735779002,0.0,1.0,0.0,0.0
807,1.2712960461706322,-0.1642645095836249,-0.04875054278767131,0.5983725688651194,0.0,1.0,1.0,0.0
808,-0.7446475466218392,-0.1642645095836249,-0.9361517274444162,-0.18515114516176784,1.0,0.0,0.0,0.0
809,-0.9899127469141646,-0.1642645095836249,-0.04875054278767131,0.2849630832543645,0.0,0.0,1.0,0.0
810,-0.40660707570629584,-0.1642645095836249,-0.04875054278767131,0.9117820544758742,0.0,0.0,1.0,0.0
811,-0.6248071121166633,-0.1642645095836249,-0.4924511351160437,-0.3418558879671453,1.0,0.0,1.0,0.0
812,-0.46580783923543934,-0.1642645095836249,0.3949500495407011,-0.028446402356390392,0.0,1.0,1.0,0.0
813,0.8398978897128923,-0.1642645095836249,-0.4924511351160437,-0.6552653735779002,1.0,0.0,0.0,0.0
814,0.0680953429625771,-0.1642645095836249,0.3949500495407011,-0.968674859188655,0.0,1.0,0.0,0.0
815,-0.056884046710059234,-0.1642645095836249,-0.4924511351160437,0.5983725688651194,1.0,0.0,1.0,0.0
816,-0.9366731713792751,-0.1642645095836249,-0.4924511351160437,-0.028446402356390392,0.0,0.0,1.0,0.0
817,0.9909831716362273,-0.1642645095836249,-0.9361517274444162,0.2849630832543645,0.0,0.0,1.0,0.0
818,0.25631814089609234,-0.1642645095836249,0.8386506418690736,-0.028446402356390392,0.0,0.0,1.0,0.0
819,-0.8031288564275382,-0.1642645095836249,0.3949500495407011,0.12825834044898704,0.0,0.0,1.0,0.0
820,0.29496308375539426,-0.1642645095836249,1.282351234197446,0.12825834044898704,0.0,1.0,1.0,0.0
821,-0.1727503558857325,6.087742279417393,-1.3798523197727885,0.12825834044898704,1.0,0.0,0.0,0.0
822,-0.8524285663340414,-0.1642645095836249,-0.4924511351160437,0.2849630832543645,1.0,0.0,0.0,0.0
823,-1.0053296124165458,-0.1642645095836249,0.3949500495407011,0.9117820544758742,1.0,0.0,0.0,0.0
824,-0.810597471270914,-0.1642645095836249,-0.4924511351160437,1.3818962828920065,1.0,0.0,1.0,0.0
825,0.37889935149058035,-0.1642645095836249,-0.04875054278767131,0.2849630832543645,1.0,0.0,1.0,0.0
826,0.7777165321866217,-0.1642645095836249,1.282351234197446,-2.0656080588262973,1.0,0.0,1.0,0.0
827,-0.6462536850155313,-0.1642645095836249,-2.2672535044295334,-0.6552653735779002,0.0,0.0,1.0,0.0
828,-0.7796267014616861,-0.1642645095836249,-0.4924511351160437,-0.6552653735779002,1.0,0.0,1.0,0.0
829,-0.5918492796426841,-0.1642645095836249,-0.9361517274444162,-1.28208434479941,0.0,1.0,1.0,0.0
830,0.0906039665960535,-0.1642645095836249,0.3949500495407011,-0.6552653735779002,0.0,0.0,1.0,0.0
831,-0.8835706346488512,-0.1642645095836249,0.8386506418690736,-0.028446402356390392,0.0,1.0,1.0,0.0
832,-0.47927190177418555,-0.1642645095836249,-0.9361517274444162,0.9117820544758742,1.0,0.0,0.0,0.0
833,-0.7411187974068498,-0.1642645095836249,-1.3798523197727885,0.2849630832543645,0.0,1.0,0.0,0.0
834,-0.35552586134173975,-0.1642645095836249,0.3949500495407011,0.2849630832543645,1.0,0.0,1.0,0.0
835,-0.9622309084121113,-0.1642645095836249,-0.04875054278767131,0.9117820544758742,0.0,1.0,1.0,0.0
836,0.6045337430432072,-0.1642645095836249,-0.9361517274444162,-0.028446402356390392,0.0,0.0,1.0,0.0
837,-0.8852151003024387,-0.1642645095836249,-1.823552912101161,0.7550773116704967,0.0,0.0,1.0,0.0
838,1.1653650503187158,-0.1642645095836249,-0.4924511351160437,-1.5954938304101647,1.0,0.0,1.0,0.0
839,-0.49335263893302694,-0.1642645095836249,-0.4924511351160437,-2.692427030047807,1.0,0.0,0.0,0.0
840,-0.38026136554778234,-0.1642645095836249,-0.4924511351160437,1.2251915400866291,1.0,0.0,1.0,0.0
841,1.1870514411253987,-0.1642645095836249,2.613453011182563,0.2849630832543645,0.0,1.0,1.0,0.0
842,-0.24301700287547398,-0.1642645095836249,-0.9361517274444162,-0.028446402356390392,1.0,0.0,1.0,0.0
843,0.02537349567042311,-0.1642645095836249,-0.04875054278767131,-0.6552653735779002,0.0,0.0,1.0,0.0
844,-0.2209537553565108,-0.1642645095836249,1.282351234197446,-0.6552653735779002,1.0,0.0,0.0,0.0
845,1.6976922862653776,-0.1642645095836249,0.8386506418690736,0.5983725688651194,0.0,1.0,1.0,0.0
846,-0.25147914905122537,-0.1642645095836249,-0.9361517274444162,0.5983725688651194,0.0,0.0,1.0,0.0
847,-0.28354622929617807,-0.1642645095836249,2.613453011182563,1.2251915400866291,0.0,0.0,0.0,0.0
848,-0.45953831393113764,-0.1642645095836249,-0.04875054278767131,-1.28208434479941,1.0,0.0,0.0,0.0
849,-0.3515174763111206,6.087742279417393,0.3949500495407011,0.12825834044898704,1.0,0.0,1.0,0.0
850,-0.9393796877674709,-0.1642645095836249,-0.9361517274444162,-2.0656080588262973,0.0,0.0,1.0,0.0
851,-0.24013918798169617,6.087742279417393,-0.9361517274444162,-0.968674859188655,0.0,1.0,1.0,0.0
852,-0.1291377563645522,-0.1642645095836249,-0.9361517274444162,1.3818962828920065,0.0,1.0,1.0,0.0
853,-0.8156679070361416,-0.1642645095836249,-1.823552912101161,-1.5954938304101647,0.0,1.0,0.0,0.0
854,-0.846090521627507,-0.1642645095836249,-0.9361517274444162,-0.8119701163832775,0.0,1.0,1.0,0.0
855,2.6631991831278325,-0.1642645095836249,-0.04875054278767131,0.12825834044898704,1.0,0.0,1.0,0.0
856,-0.6326183239712031,-0.1642645095836249,0.3949500495407011,-0.028446402356390392,0.0,1.0,0.0,0.0
857,-0.9790866813613813,-0.1642645095836249,-0.04875054278767131,-0.6552653735779002,0.0,0.0,1.0,0.0
858,0.10807641416541866,-0.1642645095836249,1.282351234197446,-0.968674859188655,1.0,0.0,1.0,0.0
859,-0.49112575836046074,-0.1642645095836249,0.8386506418690736,0.2849630832543645,0.0,0.0,1.0,0.0
860,-0.21978892551855309,-0.1642645095836249,0.3949500495407011,0.12825834044898704,0.0,1.0,1.0,0.0
861,-0.5337448265492655,-0.1642645095836249,-0.9361517274444162,0.12825834044898704,0.0,0.0,1.0,0.0
862,-0.30341685594369155,-0.1642645095836249,-1.3798523197727885,0.5983725688651194,1.0,0.0,1.0,0.0
863,2.8779389897254437,-0.1642645095836249,0.3949500495407011,-1.28208434479941,0.0,0.0,1.0,0.0
864,-0.12488955342611824,-0.1642645095836249,-0.4924511351160437,-0.028446402356390392,0.0,0.0,1.0,0.0
865,-0.670749371313759,-0.1642645095836249,-0.04875054278767131,1.6953057685027615,0.0,0.0,1.0,0.0
866,-0.6813698786598439,-0.1642645095836249,-0.4924511351160437,1.6953057685027615,0.0,0.0,1.0,0.0
867,-0.7201861200247278,-0.1642645095836249,-0.4924511351160437,0.2849630832543645,1.0,0.0,1.0,0.0
868,-0.7338557407701725,6.087742279417393,-0.4924511351160437,0.9117820544758742,1.0,0.0,1.0,0.0
869,-0.10292908501050417,-0.1642645095836249,-0.4924511351160437,1.3818962828920065,0.0,1.0,1.0,0.0
870,1.9612179072527451,-0.1642645095836249,0.8386506418690736,-2.0656080588262973,0.0,0.0,1.0,0.0
871,-0.4908516807515296,-0.1642645095836249,-0.04875054278767131,1.2251915400866291,0.0,0.0,0.0,0.0
872,-0.45594104531391544,-0.1642645095836249,0.8386506418690736,-1.28208434479941,1.0,0.0,1.0,0.0
873,1.5777490726568526,-0.1642645095836249,-0.04875054278767131,-0.3418558879671453,0.0,0.0,1.0,0.0
874,-0.6640687295960606,-0.1642645095836249,-1.3798523197727885,0.2849630832543645,0.0,1.0,1.0,0.0
875,0.9809450792091211,-0.1642645095836249,0.3949500495407011,0.2849630832543645,0.0,1.0,1.0,0.0
876,-0.3204439273985436,-0.1642645095836249,2.169752418854191,-1.7521985732155423,0.0,1.0,1.0,0.0
877,-0.8362237277059831,-0.1642645095836249,1.282351234197446,-0.18515114516176784,0.0,1.0,1.0,0.0
878,2.778003441568897,-0.1642645095836249,0.8386506418690736,1.5386010256973839,1.0,0.0,1.0,0.0
879,-0.8381422709685016,-0.1642645095836249,2.613453011182563,1.3818962828920065,0.0,1.0,0.0,0.0
880,-0.607848560064044,-0.1642645095836249,-0.9361517274444162,-2.692427030047807,0.0,0.0,1.0,0.0
881,-0.26309318772968576,-0.1642645095836249,2.169752418854191,-0.18515114516176784,0.0,1.0,1.0,0.0
882,-0.6118226853935468,-0.1642645095836249,-1.3798523197727885,1.2251915400866291,0.0,0.0,1.0,0.0
883,-0.39149854751396235,-0.1642645095836249,0.3949500495407011,-0.028446402356390392,0.0,0.0,1.0,0.0
884,1.922949821105724,-0.1642645095836249,1.282351234197446,0.12825834044898704,0.0,1.0,1.0,0.0
885,-0.9802857709004555,-0.1642645095836249,0.3949500495407011,-0.3418558879671453,0.0,1.0,0.0,0.0
886,-0.8092956026284907,-0.1642645095836249,2.169752418854191,-0.8119701163832775,1.0,0.0,1.0,0.0
887,-0.6663983892719759,-0.1642645095836249,1.282351234197446,-0.6552653735779002,1.0,0.0,0.0,0.0
888,-1.015401964544768,-0.1642645095836249,0.8386506418690736,0.2849630832543645,1.0,0.0,1.0,0.0
889,0.4371065836873482,-0.1642645095836249,-1.3798523197727885,0.12825834044898704,0.0,1.0,0.0,0.0
890,-0.8107002503742632,-0.1642645095836249,-0.4924511351160437,0.12825834044898704,0.0,0.0,1.0,0.0
891,-0.7995658475114324,-0.1642645095836249,0.3949500495407011,0.9117820544758742,0.0,0.0,1.0,0.0
892,0.77230349941023,-0.1642645095836249,1.7260518265258185,0.12825834044898704,0.0,1.0,1.0,0.0
893,-0.8473581305688138,-0.1642645095836249,1.282351234197446,-0.6552653735779002,1.0,0.0,1.0,0.0
894,-0.6424165984904943,-0.1642645095836249,0.3949500495407011,0.5983725688651194,1.0,0.0,1.0,0.0
895,-0.8329347963988084,-0.1642645095836249,-0.04875054278767131,1.2251915400866291,1.0,0.0,0.0,0.0
896,-0.7462920122754265,-0.1642645095836249,-0.9361517274444162,0.2849630832543645,0.0,1.0,1.0,0.0
897,-0.9620253502054129,-0.1642645095836249,0.3949500495407011,0.5983725688651194,0.0,1.0,0.0,0.0
898,4.226674903275976,-0.1642645095836249,-0.04875054278767131,-0.028446402356390392,0.0,1.0,1.0,0.0
899,-0.7844573193190989,6.087742279417393,-0.9361517274444162,0.9117820544758742,1.0,0.0,1.0,0.0
900,-0.48112192563447126,-0.1642645095836249,0.3949500495407011,-0.18515114516176784,1.0,0.0,1.0,0.0
901,1.1846532620472505,-0.1642645095836249,2.613453011182563,0.5983725688651194,0.0,1.0,0.0,0.0
902,0.10533563807610642,-0.1642645095836249,0.3949500495407011,-0.028446402356390392,0.0,1.0,0.0,0.0
903,-0.7705478806658395,-0.1642645095836249,-0.4924511351160437,0.2849630832543645,0.0,1.0,1.0,0.0
904,0.19584976842564183,-0.1642645095836249,2.169752418854191,0.5983725688651194,1.0,0.0,1.0,0.0
905,1.7002617638491078,-0.1642645095836249,-0.04875054278767131,1.5386010256973839,0.0,0.0,0.0,0.0
906,-0.9194405417177247,-0.1642645095836249,-1.823552912101161,0.5983725688651194,0.0,0.0,1.0,0.0
907,1.2209342855295207,-0.1642645095836249,-0.04875054278767131,0.7550773116704967,0.0,1.0,1.0,0.0
908,0.2358308396284836,-0.1642645095836249,0.3949500495407011,-2.692427030047807,0.0,1.0,0.0,0.0
909,-0.6054846406870122,-0.1642645095836249,0.8386506418690736,0.12825834044898704,0.0,1.0,1.0,0.0
910,-0.218761134485061,6.087742279417393,1.282351234197446,0.2849630832543645,0.0,1.0,1.0,0.0
911,0.596962349096482,-0.1642645095836249,-0.9361517274444162,-0.028446402356390392,0.0,0.0,1.0,0.0
912,-0.28844536655582365,-0.1642645095836249,-0.04875054278767131,1.6953057685027615,1.0,0.0,0.0,0.0
913,-0.1486315262997851,-0.1642645095836249,0.8386506418690736,-0.6552653735779002,0.0,0.0,1.0,0.0
914,0.9597383242180682,-0.1642645095836249,-0.4924511351160437,-0.028446402356390392,0.0,0.0,1.0,0.0
915,-0.436241717171984,-0.1642645095836249,-0.9361517274444162,0.12825834044898704,0.0,0.0,1.0,0.0
916,0.1375054974244085,-0.1642645095836249,0.8386506418690736,-0.028446402356390392,0.0,1.0,1.0,0.0
917,0.11311259022952992,-0.1642645095836249,-0.9361517274444162,-0.6552653735779002,1.0,0.0,0.0,0.0
918,-0.5661887635064986,-0.1642645095836249,0.8386506418690736,-0.6552653735779002,0.0,0.0,0.0,0.0
919,1.285239744525008,-0.1642645095836249,-0.4924511351160437,0.12825834044898704,1.0,0.0,0.0,0.0
920,-0.7658885613140086,-0.1642645095836249,-0.9361517274444162,0.5983725688651194,0.0,1.0,1.0,0.0
921,-0.34401460176662846,-0.1642645095836249,0.8386506418690736,1.2251915400866291,0.0,1.0,1.0,0.0
922,-0.9470881205186615,-0.1642645095836249,-0.4924511351160437,-0.8119701163832775,1.0,0.0,1.0,0.0
923,-0.2714182951009716,-0.1642645095836249,-0.9361517274444162,0.5983725688651194,0.0,0.0,1.0,0.0
924,1.0018092371890104,-0.1642645095836249,-0.4924511351160437,-0.028446402356390392,0.0,1.0,1.0,0.0
925,1.3711630749249457,-0.1642645095836249,-1.3798523197727885,-0.18515114516176784,0.0,1.0,1.0,0.0
926,0.017699322620348918,-0.1642645095836249,-1.823552912101161,-0.968674859188655,0.0,0.0,1.0,0.0
927,-0.5125038118570959,-0.1642645095836249,-0.4924511351160437,1.2251915400866291,1.0,0.0,1.0,0.0
928,-0.9432852936947408,-0.1642645095836249,-0.9361517274444162,-0.028446402356390392,1.0,0.0,1.0,0.0
929,-1.0166010540838422,-0.1642645095836249,1.282351234197446,0.12825834044898704,0.0,0.0,1.0,0.0
930,1.5742545831429795,-0.1642645095836249,-1.823552912101161,0.2849630832543645,1.0,0.0,1.0,0.0
931,-0.8865854883470947,-0.1642645095836249,-0.4924511351160437,-0.6552653735779002,0.0,1.0,0.0,0.0
932,-0.7574264151382574,-0.1642645095836249,0.3949500495407011,0.2849630832543645,0.0,1.0,0.0,0.0
933,-0.9083403985560103,-0.1642645095836249,-0.04875054278767131,1.3818962828920065,0.0,1.0,1.0,0.0
934,2.4843635433002116,-0.1642645095836249,2.169752418854191,-0.028446402356390392,1.0,0.0,0.0,0.0
935,-0.9488353652755981,-0.1642645095836249,-0.4924511351160437,1.3818962828920065,1.0,0.0,1.0,0.0
936,1.2488216822382723,-0.1642645095836249,-0.4924511351160437,0.2849630832543645,1.0,0.0,1.0,0.0
937,-0.03022999924149819,-0.1642645095836249,0.3949500495407011,1.5386010256973839,0.0,0.0,1.0,0.0
938,-0.899467135966862,-0.1642645095836249,0.3949500495407011,0.2849630832543645,1.0,0.0,1.0,0.0
939,-0.2838888263073422,-0.1642645095836249,-0.4924511351160437,1.5386010256973839,0.0,0.0,0.0,0.0
940,-0.9325962669464233,-0.1642645095836249,-1.3798523197727885,-1.28208434479941,1.0,0.0,1.0,0.0
941,1.0965373107758631,-0.1642645095836249,0.8386506418690736,0.5983725688651194,0.0,0.0,1.0,0.0
942,0.5097714097552378,-0.1642645095836249,-0.04875054278767131,0.5983725688651194,0.0,0.0,1.0,0.0
943,0.2751952362112301,-0.1642645095836249,1.282351234197446,-0.028446402356390392,1.0,0.0,1.0,0.0
944,-0.9817246783473443,-0.1642645095836249,0.3949500495407011,-0.6552653735779002,0.0,1.0,1.0,0.0
945,-0.0758296614274299,-0.1642645095836249,0.3949500495407011,1.6953057685027615,0.0,0.0,1.0,0.0
946,-0.40369500111140166,-0.1642645095836249,0.3949500495407011,1.2251915400866291,0.0,1.0,1.0,0.0
947,-0.9087515149694072,-0.1642645095836249,-0.9361517274444162,0.2849630832543645,1.0,0.0,1.0,0.0
948,-0.08110565539935577,-0.1642645095836249,1.282351234197446,-2.692427030047807,1.0,0.0,1.0,0.0
949,0.26673309003547857,-0.1642645095836249,-0.04875054278767131,1.6953057685027615,1.0,0.0,1.0,0.0
950,0.31308646564597126,-0.1642645095836249,-0.9361517274444162,0.12825834044898704,0.0,0.0,1.0,0.0
951,0.6689077214409274,-0.1642645095836249,-0.4924511351160437,-0.18515114516176784,0.0,0.0,1.0,0.0
952,-0.5095917372622017,-0.1642645095836249,-0.04875054278767131,0.2849630832543645,0.0,0.0,1.0,0.0
953,-0.608602273488605,-0.1642645095836249,-0.4924511351160437,1.2251915400866291,1.0,0.0,0.0,0.0
954,0.3222680655451671,-0.1642645095836249,-1.3798523197727885,0.12825834044898704,1.0,0.0,1.0,0.0
955,-0.38235120731588285,-0.1642645095836249,2.169752418854191,0.12825834044898704,1.0,0.0,0.0,0.0
956,0.08525945322189471,6.087742279417393,-1.3798523197727885,0.12825834044898704,0.0,0.0,1.0,0.0
957,-0.9501029742169049,-0.1642645095836249,-0.04875054278767131,0.7550773116704967,1.0,0.0,1.0,0.0
958,-0.05818591535248251,-0.1642645095836249,-0.04875054278767131,0.2849630832543645,0.0,0.0,1.0,0.0
959,-0.3377108167612104,-0.1642645095836249,-1.3798523197727885,0.5983725688651194,0.0,0.0,1.0,0.0
960,-0.6624585236435896,-0.1642645095836249,0.3949500495407011,-1.28208434479941,0.0,1.0,0.0,0.0
961,0.1918413833950227,-0.1642645095836249,-0.9361517274444162,-0.18515114516176784,1.0,0.0,0.0,0.0
962,-0.8281726979436284,-0.1642645095836249,-0.9361517274444162,0.2849630832543645,0.0,1.0,1.0,0.0
963,-0.9826496902774873,-0.1642645095836249,0.3949500495407011,-0.18515114516176784,0.0,0.0,1.0,0.0
964,-0.692195944212627,-0.1642645095836249,1.7260518265258185,-1.28208434479941,1.0,0.0,1.0,0.0
965,0.6148801727803607,-0.1642645095836249,0.3949500495407011,-0.8119701163832775,0.0,1.0,1.0,0.0
966,-0.9883710603639264,-0.1642645095836249,0.3949500495407011,-0.3418558879671453,0.0,1.0,0.0,0.0
967,-0.946197368289635,-0.1642645095836249,-0.04875054278767131,-1.28208434479941,0.0,1.0,1.0,0.0
968,-0.06616842571260442,-0.1642645095836249,-0.9361517274444162,0.12825834044898704,1.0,0.0,1.0,0.0
969,0.31007161194772787,-0.1642645095836249,-0.4924511351160437,1.5386010256973839,0.0,1.0,0.0,0.0
970,-0.2816276860336596,-0.1642645095836249,-0.4924511351160437,0.5983725688651194,0.0,0.0,1.0,0.0
971,-0.35364157778033756,-0.1642645095836249,-1.3798523197727885,-0.6552653735779002,0.0,0.0,1.0,0.0
972,-0.8903883151710154,6.087742279417393,2.169752418854191,0.7550773116704967,0.0,0.0,1.0,0.0
973,-0.9524326338928203,-0.1642645095836249,0.8386506418690736,1.3818962828920065,1.0,0.0,1.0,0.0
974,-0.7408447197979185,-0.1642645095836249,0.3949500495407011,0.5983725688651194,0.0,1.0,1.0,0.0
975,0.05805725053547115,-0.1642645095836249,-0.04875054278767131,-0.6552653735779002,1.0,0.0,0.0,0.0
976,0.5791473045159529,-0.1642645095836249,-0.4924511351160437,-0.6552653735779002,0.0,0.0,1.0,0.0
977,0.34059700564244233,-0.1642645095836249,-0.04875054278767131,1.5386010256973839,0.0,0.0,1.0,0.0
978,0.599154969967932,-0.1642645095836249,1.282351234197446,-0.18515114516176784,1.0,0.0,1.0,0.0
979,-0.78949349538321,-0.1642645095836249,-1.3798523197727885,-0.18515114516176784,0.0,1.0,1.0,0.0
980,-0.6678030370177483,-0.1642645095836249,-0.04875054278767131,-2.8491317728531844,1.0,0.0,1.0,0.0
981,0.5567072002847092,-0.1642645095836249,-0.9361517274444162,0.12825834044898704,0.0,1.0,0.0,0.0
982,0.5340957975478836,-0.1642645095836249,-0.9361517274444162,0.2849630832543645,1.0,0.0,1.0,0.0
983,-0.10423095365292745,-0.1642645095836249,-1.3798523197727885,0.2849630832543645,0.0,0.0,1.0,0.0
984,-0.6383739537587587,-0.1642645095836249,0.3949500495407011,0.2849630832543645,0.0,0.0,1.0,0.0
985,-0.6044225899524037,-0.1642645095836249,-1.3798523197727885,-0.6552653735779002,0.0,0.0,1.0,0.0
986,-0.2888564829692205,-0.1642645095836249,0.8386506418690736,0.2849630832543645,1.0,0.0,1.0,0.0
987,-0.37587612380488283,-0.1642645095836249,-0.4924511351160437,-0.6552653735779002,0.0,0.0,1.0,0.0
988,0.5970993879009477,-0.1642645095836249,1.282351234197446,-0.028446402356390392,0.0,1.0,0.0,0.0
989,-0.7324853527255162,-0.1642645095836249,-0.9361517274444162,-0.6552653735779002,0.0,0.0,1.0,0.0
990,-0.2927620888964904,-0.1642645095836249,1.282351234197446,-0.028446402356390392,1.0,0.0,1.0,0.0
991,-0.6798281921096057,-0.1642645095836249,-0.4924511351160437,-0.3418558879671453,0.0,1.0,1.0,0.0
992,1.8559721054231575,-0.1642645095836249,1.282351234197446,-1.28208434479941,1.0,0.0,0.0,0.0
993,-0.9170766223406928,-0.1642645095836249,0.8386506418690736,1.2251915400866291,0.0,1.0,0.0,0.0
994,-1.005021275106498,-0.1642645095836249,-0.9361517274444162,-0.028446402356390392,0.0,1.0,1.0,0.0
995,-0.8472553514654646,-0.1642645095836249,0.3949500495407011,-0.028446402356390392,0.0,1.0,0.0,0.0
996,-0.5541293487135249,-0.1642645095836249,0.8386506418690736,0.12825834044898704,0.0,1.0,1.0,0.0
997,0.24302537686292802,-0.1642645095836249,-0.9361517274444162,-0.028446402356390392,1.0,0.0,1.0,0.0
998,-0.9580512248759103,-0.1642645095836249,1.282351234197446,-0.968674859188655,1.0,0.0,0.0,0.0
999,-0.5817084081122289,-0.1642645095836249,1.7260518265258185,-0.6552653735779002,1.0,0.0,0.0,0.0
1000,-0.9622309084121113,-0.1642645095836249,1.282351234197446,0.5983725688651194,0.0,1.0,1.0,0.0
1001,0.06689625342350293,-0.1642645095836249,0.3949500495407011,1.6953057685027615,1.0,0.0,1.0,0.0
1002,0.6133727459312389,-0.1642645095836249,-1.3798523197727885,1.3818962828920065,0.0,0.0,1.0,0.0
1003,-0.48310898829922255,-0.1642645095836249,0.8386506418690736,-2.692427030047807,1.0,0.0,1.0,0.0
1004,-0.8307079158262421,-0.1642645095836249,-0.04875054278767131,0.5983725688651194,0.0,1.0,0.0,0.0
1005,-0.9656226188226352,-0.1642645095836249,-0.4924511351160437,0.4416678260597419,1.0,0.0,1.0,0.0
1006,0.19214972070507044,-0.1642645095836249,-1.3798523197727885,-0.6552653735779002,0.0,1.0,1.0,0.0
1007,-0.0015203697059529221,-0.1642645095836249,-0.04875054278767131,-0.6552653735779002,0.0,1.0,1.0,0.0
1008,1.1999673484462825,-0.1642645095836249,-0.4924511351160437,0.9117820544758742,1.0,0.0,1.0,0.0
1009,-0.7624625912023684,-0.1642645095836249,0.8386506418690736,-2.0656080588262973,0.0,0.0,1.0,0.0
1010,-0.08110565539935577,-0.1642645095836249,0.3949500495407011,-0.6552653735779002,0.0,1.0,1.0,0.0
1011,-0.280223038287887,6.087742279417393,1.282351234197446,0.12825834044898704,1.0,0.0,0.0,0.0
1012,2.2822998261156693,-0.1642645095836249,2.169752418854191,-1.28208434479941,0.0,0.0,1.0,0.0
1013,0.4214156405760359,-0.1642645095836249,-1.3798523197727885,-1.28208434479941,1.0,0.0,1.0,0.0
1014,1.3387533976688288,-0.1642645095836249,0.3949500495407011,0.5983725688651194,1.0,0.0,0.0,0.0
1015,-0.0425292319422866,-0.1642645095836249,-0.4924511351160437,-0.968674859188655,1.0,0.0,0.0,0.0
1016,-0.28793147103907757,6.087742279417393,-0.9361517274444162,0.2849630832543645,0.0,0.0,1.0,0.0
1017,0.5670536300218628,-0.1642645095836249,0.3949500495407011,-0.6552653735779002,1.0,0.0,0.0,0.0
1018,-0.5055490925304662,-0.1642645095836249,-0.9361517274444162,-0.8119701163832775,0.0,0.0,1.0,0.0
1019,0.4488576611702743,-0.1642645095836249,-0.4924511351160437,0.12825834044898704,1.0,0.0,1.0,0.0
1020,0.04099591937950265,-0.1642645095836249,0.8386506418690736,1.3818962828920065,0.0,1.0,1.0,0.0
1021,0.2723174213174522,-0.1642645095836249,-0.04875054278767131,0.2849630832543645,1.0,0.0,0.0,0.0
1022,-0.7548911972556435,-0.1642645095836249,-0.4924511351160437,-0.6552653735779002,1.0,0.0,1.0,0.0
1023,-0.5162038595776675,-0.1642645095836249,-0.4924511351160437,-2.692427030047807,0.0,0.0,1.0,0.0
1024,-0.5858195722461973,-0.1642645095836249,-1.823552912101161,-0.028446402356390392,1.0,0.0,1.0,0.0
1025,-0.67235957726623,-0.1642645095836249,-1.823552912101161,0.2849630832543645,0.0,0.0,1.0,0.0
1026,-0.38584569682975595,-0.1642645095836249,0.3949500495407011,0.4416678260597419,1.0,0.0,1.0,0.0
1027,0.5260790274866454,-0.1642645095836249,0.3949500495407011,0.12825834044898704,0.0,0.0,1.0,0.0
1028,0.7498633951789866,-0.1642645095836249,0.3949500495407011,1.3818962828920065,0.0,0.0,0.0,0.0
1029,1.9954433486680314,-0.1642645095836249,0.8386506418690736,-0.968674859188655,0.0,0.0,1.0,0.0
1030,0.1921839804061868,-0.1642645095836249,-0.9361517274444162,-0.028446402356390392,0.0,1.0,1.0,0.0
1031,-0.7910694416345645,-0.1642645095836249,0.3949500495407011,-0.028446402356390392,1.0,0.0,0.0,0.0
1032,-0.691510750190299,-0.1642645095836249,-0.04875054278767131,1.5386010256973839,1.0,0.0,1.0,0.0
1033,-0.8691130407777294,-0.1642645095836249,1.282351234197446,-2.8491317728531844,0.0,1.0,1.0,0.0
1034,-0.6836995383357591,-0.1642645095836249,0.8386506418690736,-2.0656080588262973,1.0,0.0,1.0,0.0
1035,1.0965373107758631,-0.1642645095836249,-1.823552912101161,0.2849630832543645,0.0,0.0,1.0,0.0
1036,2.0246668737203235,-0.1642645095836249,0.3949500495407011,-0.028446402356390392,0.0,1.0,1.0,0.0
1037,-0.6513241207807587,-0.1642645095836249,1.282351234197446,0.9117820544758742,1.0,0.0,1.0,0.0
1038,-0.8942596613971688,-0.1642645095836249,0.3949500495407011,0.9117820544758742,0.0,0.0,1.0,0.0
1039,0.9525095272825072,-0.1642645095836249,0.8386506418690736,1.3818962828920065,0.0,1.0,1.0,0.0
1040,-0.728716785602712,-0.1642645095836249,-0.4924511351160437,-0.028446402356390392,0.0,0.0,1.0,0.0
1041,1.831887535538326,-0.1642645095836249,0.3949500495407011,-0.028446402356390392,1.0,0.0,0.0,0.0
1042,-0.4006458877120418,-0.1642645095836249,-0.4924511351160437,1.3818962828920065,1.0,0.0,1.0,0.0
1043,-0.9929618603135244,-0.1642645095836249,-0.9361517274444162,-0.6552653735779002,0.0,1.0,0.0,0.0
1044,-0.6450888551775735,-0.1642645095836249,-0.4924511351160437,1.6953057685027615,1.0,0.0,1.0,0.0
1045,-0.2313001850936643,-0.1642645095836249,-1.3798523197727885,-0.028446402356390392,0.0,1.0,1.0,0.0
1046,0.2203797144249861,-0.1642645095836249,-0.9361517274444162,0.5983725688651194,0.0,0.0,1.0,0.0
1047,-0.7753099791210193,6.087742279417393,-1.3798523197727885,0.12825834044898704,0.0,0.0,1.0,0.0
1048,-0.6000373482095043,-0.1642645095836249,0.3949500495407011,-0.18515114516176784,1.0,0.0,1.0,0.0
1049,1.1817411874523562,6.087742279417393,-0.4924511351160437,0.2849630832543645,0.0,0.0,1.0,0.0
1050,-0.8041909071621467,-0.1642645095836249,-0.9361517274444162,0.5983725688651194,1.0,0.0,1.0,0.0
1051,-0.41928316511936475,-0.1642645095836249,0.8386506418690736,0.2849630832543645,0.0,0.0,0.0,0.0
1052,-0.443984409624291,-0.1642645095836249,-0.9361517274444162,1.2251915400866291,1.0,0.0,0.0,0.0
1053,-0.9802857709004555,-0.1642645095836249,-1.3798523197727885,0.12825834044898704,0.0,1.0,1.0,0.0
1054,0.289413012174537,-0.1642645095836249,-0.9361517274444162,0.9117820544758742,1.0,0.0,0.0,0.0
1055,-0.9733653112749421,-0.1642645095836249,0.3949500495407011,-0.6552653735779002,0.0,1.0,1.0,0.0
1056,-0.7957630206875117,-0.1642645095836249,-0.9361517274444162,0.2849630832543645,0.0,0.0,1.0,0.0
1057,-0.7349520512058972,-0.1642645095836249,-1.3798523197727885,0.7550773116704967,1.0,0.0,1.0,0.0
1058,1.4817533901286928,-0.1642645095836249,-0.04875054278767131,0.12825834044898704,1.0,0.0,0.0,0.0
1059,-0.7272778781558231,-0.1642645095836249,-0.9361517274444162,0.2849630832543645,0.0,0.0,1.0,0.0
1060,1.4697967544390684,-0.1642645095836249,-0.9361517274444162,-0.6552653735779002,0.0,0.0,1.0,0.0
1061,-0.5728008858219643,6.087742279417393,-0.4924511351160437,-0.028446402356390392,1.0,0.0,1.0,0.0
1062,-0.7862388237771518,-0.1642645095836249,2.169752418854191,-0.6552653735779002,0.0,0.0,1.0,0.0
1063,-0.7959685788942101,-0.1642645095836249,-1.823552912101161,-0.968674859188655,1.0,0.0,1.0,0.0
1064,-0.3630629955873483,-0.1642645095836249,0.3949500495407011,0.12825834044898704,1.0,0.0,1.0,0.0
1065,-0.2902268710138766,-0.1642645095836249,0.3949500495407011,0.12825834044898704,0.0,1.0,1.0,0.0
1066,-0.7167601499130876,-0.1642645095836249,0.3949500495407011,-0.6552653735779002,0.0,0.0,1.0,0.0
1067,-0.8524628260351578,-0.1642645095836249,0.3949500495407011,-0.028446402356390392,0.0,1.0,0.0,0.0
1068,-0.02909942910465677,-0.1642645095836249,0.8386506418690736,-1.28208434479941,0.0,0.0,1.0,0.0
1069,0.3168892924698918,-0.1642645095836249,-0.4924511351160437,-2.0656080588262973,0.0,1.0,1.0,0.0
1070,-0.8541072916887451,-0.1642645095836249,-0.4924511351160437,-0.028446402356390392,0.0,1.0,1.0,0.0
1071,0.12414421398901142,-0.1642645095836249,-0.04875054278767131,0.12825834044898704,0.0,0.0,1.0,0.0
1072,2.66093804285415,-0.1642645095836249,-0.4924511351160437,-2.692427030047807,1.0,0.0,1.0,0.0
1073,-0.676025365285685,-0.1642645095836249,1.282351234197446,0.7550773116704967,0.0,1.0,1.0,0.0
1074,-0.866954679607396,-0.1642645095836249,0.3949500495407011,-0.028446402356390392,0.0,0.0,1.0,0.0
1075,2.94149073529637,-0.1642645095836249,-0.04875054278767131,-0.6552653735779002,0.0,1.0,0.0,0.0
1076,-0.7380354243063735,-0.1642645095836249,1.282351234197446,1.6953057685027615,1.0,0.0,1.0,0.0
1077,2.562133064834445,-0.1642645095836249,0.3949500495407011,-1.28208434479941,0.0,1.0,1.0,0.0
1078,0.5133001589702274,-0.1642645095836249,0.8386506418690736,1.3818962828920065,0.0,1.0,1.0,0.0
1079,1.0026657297169204,-0.1642645095836249,0.3949500495407011,-0.028446402356390392,1.0,0.0,0.0,0.0
1080,-0.35926016876342765,-0.1642645095836249,-0.4924511351160437,-0.6552653735779002,1.0,0.0,1.0,0.0
1081,-0.5193214923792601,-0.1642645095836249,0.3949500495407011,-0.3418558879671453,0.0,1.0,1.0,0.0
1082,-0.5534441546911969,-0.1642645095836249,0.3949500495407011,0.2849630832543645,0.0,1.0,1.0,0.0
1083,-0.979908914188175,-0.1642645095836249,0.3949500495407011,-0.18515114516176784,1.0,0.0,0.0,0.0
1084,-0.6689336071545897,-0.1642645095836249,0.8386506418690736,-0.028446402356390392,0.0,1.0,1.0,0.0
1085,-0.992756302106826,-0.1642645095836249,-0.4924511351160437,0.2849630832543645,0.0,0.0,1.0,0.0
1086,-0.7474225824122678,-0.1642645095836249,0.8386506418690736,-1.5954938304101647,0.0,0.0,1.0,0.0
1087,0.3062002657215744,-0.1642645095836249,-0.9361517274444162,-0.028446402356390392,1.0,0.0,1.0,0.0
1088,-0.8440691992616391,-0.1642645095836249,2.613453011182563,0.12825834044898704,1.0,0.0,1.0,0.0
1089,-0.142327741294367,-0.1642645095836249,-0.04875054278767131,-0.6552653735779002,0.0,0.0,1.0,0.0
1090,-0.9928590812101751,-0.1642645095836249,-0.04875054278767131,1.5386010256973839,1.0,0.0,1.0,0.0
1091,-0.2188639135884102,-0.1642645095836249,0.8386506418690736,-1.28208434479941,1.0,0.0,1.0,0.0
1092,-0.41530903978986206,-0.1642645095836249,-0.04875054278767131,0.2849630832543645,1.0,0.0,1.0,0.0
1093,-0.5994206735894091,-0.1642645095836249,0.3949500495407011,-0.6552653735779002,1.0,0.0,1.0,0.0
1094,-0.7235093110330189,-0.1642645095836249,-0.04875054278767131,0.12825834044898704,0.0,0.0,1.0,0.0
1095,-0.9456492130717726,-0.1642645095836249,-0.04875054278767131,-0.3418558879671453,0.0,0.0,1.0,0.0
1096,-0.7363224392505533,-0.1642645095836249,-0.9361517274444162,-0.6552653735779002,1.0,0.0,1.0,0.0
1097,0.5267642215089736,-0.1642645095836249,-0.04875054278767131,-1.28208434479941,1.0,0.0,0.0,0.0
1098,0.006256582447470575,-0.1642645095836249,-0.4924511351160437,-0.028446402356390392,1.0,0.0,0.0,0.0
1099,0.8423645881932733,-0.1642645095836249,2.169752418854191,1.5386010256973839,0.0,0.0,1.0,0.0
1100,0.16844200753251987,-0.1642645095836249,-0.4924511351160437,-0.028446402356390392,1.0,0.0,0.0,0.0
1101,-0.8568823274791737,6.087742279417393,-0.04875054278767131,-2.0656080588262973,1.0,0.0,1.0,1.0
1102,-0.7971334087321678,-0.1642645095836249,0.3949500495407011,0.2849630832543645,1.0,0.0,1.0,0.0
1103,0.18200884917461538,-0.1642645095836249,-0.4924511351160437,0.12825834044898704,0.0,0.0,0.0,0.0
1104,-1.0065287019556197,-0.1642645095836249,-0.4924511351160437,1.3818962828920065,0.0,1.0,1.0,0.0
1105,-0.9423260220634815,-0.1642645095836249,-0.4924511351160437,-2.0656080588262973,0.0,1.0,1.0,0.0
1106,1.6086513230638475,-0.1642645095836249,-0.04875054278767131,0.2849630832543645,1.0,0.0,0.0,0.0
1107,-0.44580017378346026,-0.1642645095836249,-0.4924511351160437,-0.968674859188655,0.0,0.0,1.0,0.0
1108,-0.8700037930067559,-0.1642645095836249,0.3949500495407011,1.3818962828920065,1.0,0.0,0.0,0.0
1109,0.32028100288041567,-0.1642645095836249,-0.4924511351160437,0.12825834044898704,0.0,1.0,1.0,0.0
1110,0.31921895214580714,-0.1642645095836249,1.282351234197446,-2.692427030047807,0.0,1.0,1.0,0.0
1111,0.7213935835512562,-0.1642645095836249,-0.04875054278767131,0.2849630832543645,0.0,0.0,1.0,0.0
1112,-0.8936087270759572,-0.1642645095836249,-0.4924511351160437,1.2251915400866291,0.0,1.0,0.0,0.0
1113,0.11900525882155105,-0.1642645095836249,-0.4924511351160437,0.2849630832543645,0.0,0.0,1.0,0.0
1114,0.2209621293439648,-0.1642645095836249,-0.4924511351160437,-0.18515114516176784,1.0,0.0,1.0,0.0
1115,-0.873669581026211,-0.1642645095836249,-0.04875054278767131,-0.028446402356390392,0.0,1.0,1.0,0.0
1116,-0.6003799452206683,-0.1642645095836249,-1.3798523197727885,0.2849630832543645,1.0,0.0,0.0,0.0
1117,-0.1676456604193885,-0.1642645095836249,-0.04875054278767131,0.12825834044898704,0.0,1.0,1.0,0.0
1118,0.5606813256142119,-0.1642645095836249,2.613453011182563,-0.968674859188655,0.0,1.0,0.0,0.0
1119,-0.8079252145838345,-0.1642645095836249,-0.04875054278767131,1.3818962828920065,1.0,0.0,1.0,0.0
1120,-0.098235505957557,-0.1642645095836249,2.613453011182563,0.12825834044898704,1.0,0.0,1.0,0.0
1121,0.021844746455433744,-0.1642645095836249,-0.04875054278767131,1.6953057685027615,0.0,1.0,1.0,0.0
1122,-0.26919141452840545,-0.1642645095836249,0.3949500495407011,-0.028446402356390392,0.0,1.0,0.0,0.0
1123,-0.590821488609192,-0.1642645095836249,-0.04875054278767131,-1.28208434479941,1.0,0.0,1.0,0.0
1124,-0.856471211065777,-0.1642645095836249,-0.4924511351160437,-0.028446402356390392,0.0,1.0,1.0,0.0
1125,1.0114362132027197,-0.1642645095836249,1.7260518265258185,0.5983725688651194,0.0,1.0,1.0,0.0
1126,0.2566264782061399,-0.1642645095836249,0.3949500495407011,-0.6552653735779002,0.0,0.0,1.0,0.0
1127,-1.0033768094529107,-0.1642645095836249,-1.3798523197727885,1.6953057685027615,1.0,0.0,1.0,0.0
1128,-0.5230215400998315,-0.1642645095836249,1.282351234197446,0.12825834044898704,1.0,0.0,1.0,0.0
1129,0.06497771016098439,-0.1642645095836249,-0.4924511351160437,0.4416678260597419,0.0,1.0,1.0,0.0
1130,-0.9880969827549952,-0.1642645095836249,-0.04875054278767131,-0.3418558879671453,0.0,1.0,1.0,0.0
1131,0.423642521148602,-0.1642645095836249,-0.04875054278767131,1.6953057685027615,0.0,1.0,1.0,0.0
1132,-0.3833104789471421,-0.1642645095836249,-0.04875054278767131,-0.6552653735779002,1.0,0.0,1.0,0.0
1133,3.8865103308912157,-0.1642645095836249,0.8386506418690736,-1.28208434479941,1.0,0.0,1.0,0.0
1134,-0.9295471535470634,-0.1642645095836249,-0.04875054278767131,-2.692427030047807,0.0,1.0,0.0,0.0
1135,-0.0019314861193497675,-0.1642645095836249,0.8386506418690736,-0.028446402356390392,0.0,1.0,1.0,0.0
1136,0.15100381966427107,-0.1642645095836249,1.282351234197446,0.9117820544758742,1.0,0.0,1.0,0.0
1137,-0.6785948428694153,-0.1642645095836249,-0.9361517274444162,-0.028446402356390392,0.0,0.0,1.0,0.0
1138,1.9990748769863707,-0.1642645095836249,1.282351234197446,-0.6552653735779002,1.0,0.0,1.0,0.0
1139,-0.5409736234848264,-0.1642645095836249,-0.04875054278767131,-0.18515114516176784,0.0,1.0,1.0,0.0
1140,-0.8731899452105814,-0.1642645095836249,-0.04875054278767131,-0.6552653735779002,0.0,0.0,1.0,0.0
1141,-0.6333720373957639,-0.1642645095836249,1.282351234197446,-1.7521985732155423,1.0,0.0,1.0,0.0
1142,0.929418488730052,-0.1642645095836249,0.3949500495407011,-0.6552653735779002,1.0,0.0,1.0,0.0
1143,-0.3719362581764965,-0.1642645095836249,0.3949500495407011,1.3818962828920065,0.0,0.0,1.0,0.0
1144,-0.335038560074131,-0.1642645095836249,-0.4924511351160437,0.5983725688651194,0.0,0.0,1.0,0.0
1145,-0.3717649596709145,6.087742279417393,-0.4924511351160437,0.7550773116704967,1.0,0.0,1.0,0.0
1146,2.2656153516719817,-0.1642645095836249,-0.9361517274444162,0.5983725688651194,1.0,0.0,1.0,0.0
1147,0.3836957096468766,-0.1642645095836249,-1.3798523197727885,-2.8491317728531844,0.0,1.0,1.0,0.0
1148,0.17728101042055164,-0.1642645095836249,-0.9361517274444162,-0.18515114516176784,0.0,0.0,0.0,0.0
1149,-0.0494839512689164,-0.1642645095836249,-0.04875054278767131,-1.28208434479941,0.0,1.0,1.0,0.0
1150,-0.4994166060306302,-0.1642645095836249,-1.3798523197727885,0.12825834044898704,0.0,0.0,1.0,0.0
1151,0.48304884288444383,-0.1642645095836249,-0.9361517274444162,-0.028446402356390392,0.0,1.0,1.0,0.0
1152,1.003727780451529,-0.1642645095836249,-0.04875054278767131,-0.6552653735779002,0.0,0.0,1.0,0.0
1153,-0.8011760534639032,-0.1642645095836249,-0.4924511351160437,0.12825834044898704,0.0,1.0,1.0,0.0
1154,-0.7556791703813208,-0.1642645095836249,-0.4924511351160437,0.7550773116704967,0.0,1.0,0.0,0.0
1155,0.6973775330686578,-0.1642645095836249,-0.9361517274444162,-0.6552653735779002,1.0,0.0,1.0,0.0
1156,2.1248422397846833,-0.1642645095836249,-0.9361517274444162,0.2849630832543645,0.0,0.0,1.0,0.0
1157,-0.9888849558806725,-0.1642645095836249,-1.823552912101161,1.3818962828920065,0.0,1.0,1.0,0.0
1158,-0.42479897699910557,-0.1642645095836249,-0.04875054278767131,-0.028446402356390392,0.0,1.0,1.0,0.0
1159,-0.5077074537007995,-0.1642645095836249,-0.9361517274444162,0.12825834044898704,0.0,0.0,1.0,0.0
1160,0.31044846866000814,-0.1642645095836249,1.282351234197446,-0.8119701163832775,1.0,0.0,0.0,0.0
1161,0.6396499366875197,-0.1642645095836249,2.613453011182563,0.2849630832543645,0.0,1.0,0.0,0.0
1162,-0.5877381155087157,-0.1642645095836249,0.3949500495407011,1.3818962828920065,1.0,0.0,0.0,0.0
1163,-0.8412599037700942,-0.1642645095836249,-2.2672535044295334,0.12825834044898704,1.0,0.0,0.0,0.0
1164,0.31555316412635215,-0.1642645095836249,-1.823552912101161,-0.028446402356390392,1.0,0.0,0.0,0.0
1165,-0.4676236033946087,-0.1642645095836249,0.8386506418690736,0.7550773116704967,0.0,0.0,0.0,0.0
1166,0.04171537310294703,-0.1642645095836249,0.3949500495407011,-0.028446402356390392,0.0,1.0,0.0,0.0
1167,1.8533683681383109,-0.1642645095836249,0.3949500495407011,-0.6552653735779002,0.0,0.0,1.0,0.0
1168,-0.32561714226712035,-0.1642645095836249,-0.04875054278767131,-1.5954938304101647,0.0,0.0,1.0,0.0
1169,1.4614716470677824,-0.1642645095836249,-1.3798523197727885,1.6953057685027615,1.0,0.0,1.0,0.0
1170,-0.5913696438270544,-0.1642645095836249,-0.4924511351160437,-1.7521985732155423,0.0,0.0,1.0,0.0
1171,0.6499963664246732,-0.1642645095836249,-2.2672535044295334,0.2849630832543645,1.0,0.0,1.0,0.0
1172,1.1590612653132977,-0.1642645095836249,-0.4924511351160437,0.12825834044898704,1.0,0.0,0.0,0.0
1173,-0.3149966349210356,-0.1642645095836249,-1.3798523197727885,0.5983725688651194,1.0,0.0,1.0,0.0
1174,-0.8845299062801104,-0.1642645095836249,-0.04875054278767131,-1.28208434479941,1.0,0.0,1.0,0.0
1175,-0.14935098002322958,-0.1642645095836249,1.7260518265258185,-0.6552653735779002,1.0,0.0,1.0,0.0
1176,0.47691635638460794,-0.1642645095836249,2.613453011182563,0.5983725688651194,1.0,0.0,1.0,0.0
1177,-0.2496291251909397,-0.1642645095836249,-0.9361517274444162,0.7550773116704967,1.0,0.0,1.0,0.0
1178,1.5591460549506462,-0.1642645095836249,0.3949500495407011,-1.5954938304101647,0.0,0.0,0.0,0.0
1179,-0.7506087346160932,-0.1642645095836249,2.169752418854191,-0.028446402356390392,1.0,0.0,0.0,0.0
1180,-0.8482488827978403,-0.1642645095836249,-0.04875054278767131,0.12825834044898704,0.0,0.0,0.0,0.0
1181,-0.5658804261964511,-0.1642645095836249,1.282351234197446,0.4416678260597419,0.0,0.0,1.0,0.0
1182,-0.9795663171770109,-0.1642645095836249,-0.04875054278767131,1.6953057685027615,1.0,0.0,1.0,0.0
1183,-0.7346437138958497,6.087742279417393,0.8386506418690736,1.5386010256973839,0.0,0.0,1.0,0.0
1184,-0.5090093223432228,-0.1642645095836249,-0.4924511351160437,1.6953057685027615,1.0,0.0,0.0,0.0
1185,-0.7651005881883315,-0.1642645095836249,-0.9361517274444162,0.5983725688651194,0.0,1.0,0.0,0.0
1186,1.9835552323806405,-0.1642645095836249,0.3949500495407011,-2.692427030047807,0.0,0.0,0.0,0.0
1187,1.0894112929436517,-0.1642645095836249,-0.9361517274444162,0.12825834044898704,0.0,0.0,1.0,0.0
1188,1.1834541725081762,-0.1642645095836249,0.3949500495407011,0.12825834044898704,0.0,1.0,0.0,0.0
1189,-0.9923109259923127,-0.1642645095836249,-0.9361517274444162,-0.6552653735779002,0.0,0.0,1.0,0.0
1190,-0.09138356573427651,-0.1642645095836249,-0.04875054278767131,-1.28208434479941,1.0,0.0,0.0,0.0
1191,0.6916561629822188,6.087742279417393,1.282351234197446,1.3818962828920065,0.0,0.0,1.0,0.0
1192,1.8634064605654164,-0.1642645095836249,0.8386506418690736,0.2849630832543645,1.0,0.0,0.0,0.0
1193,-0.5439542174819534,6.087742279417393,-0.4924511351160437,1.6953057685027615,0.0,1.0,1.0,0.0
1194,-0.22657234633960074,-0.1642645095836249,-0.4924511351160437,0.7550773116704967,1.0,0.0,0.0,0.0
1195,-0.018890038171968958,-0.1642645095836249,-0.9361517274444162,-0.8119701163832775,0.0,0.0,1.0,0.0
1196,-0.8003538206371097,-0.1642645095836249,-0.9361517274444162,-1.28208434479941,0.0,1.0,1.0,0.0
1197,-0.21372495842094982,-0.1642645095836249,-1.3798523197727885,0.2849630832543645,1.0,0.0,1.0,0.0
1198,-0.3284264377586654,6.087742279417393,2.169752418854191,-1.28208434479941,0.0,1.0,1.0,0.0
1199,-0.4669041496711642,-0.1642645095836249,-0.04875054278767131,-0.6552653735779002,0.0,0.0,1.0,0.0
1200,-0.9564752786245556,-0.1642645095836249,-0.4924511351160437,0.2849630832543645,1.0,0.0,1.0,0.0
1201,0.5966540117864345,-0.1642645095836249,-0.4924511351160437,-0.028446402356390392,1.0,0.0,0.0,0.0
1202,-0.02594753660194788,-0.1642645095836249,-0.04875054278767131,-0.6552653735779002,1.0,0.0,1.0,0.0
1203,-0.8549295245155387,-0.1642645095836249,-0.4924511351160437,-0.18515114516176784,1.0,0.0,1.0,0.0
1204,0.2118147891458855,-0.1642645095836249,-0.04875054278767131,-1.28208434479941,1.0,0.0,1.0,0.0
1205,-0.906798712005772,-0.1642645095836249,1.282351234197446,1.6953057685027615,0.0,1.0,1.0,0.0
1206,-1.0065287019556197,-0.1642645095836249,-0.04875054278767131,0.4416678260597419,1.0,0.0,1.0,0.0
1207,-0.9105672791285764,-0.1642645095836249,1.7260518265258185,1.6953057685027615,0.0,1.0,1.0,0.0
1208,-0.26514876979667,-0.1642645095836249,1.7260518265258185,0.2849630832543645,0.0,1.0,1.0,0.0
1209,0.6113171638642547,-0.1642645095836249,-0.04875054278767131,0.5983725688651194,1.0,0.0,0.0,0.0
1210,-0.5333679698369851,-0.1642645095836249,-1.3798523197727885,0.7550773116704967,1.0,0.0,1.0,0.0
1211,-0.6912366725813678,-0.1642645095836249,-1.3798523197727885,-1.7521985732155423,0.0,1.0,1.0,0.0
1212,-0.844309017169454,-0.1642645095836249,-0.4924511351160437,1.5386010256973839,1.0,0.0,0.0,0.0
1213,3.0648941787176516,-0.1642645095836249,0.3949500495407011,0.12825834044898704,1.0,0.0,0.0,0.0
1214,-0.8456794052141101,-0.1642645095836249,-1.3798523197727885,0.2849630832543645,0.0,0.0,1.0,0.0
1215,-0.38550309981859193,-0.1642645095836249,-1.3798523197727885,0.12825834044898704,1.0,0.0,1.0,0.0
1216,-0.013888121808974072,-0.1642645095836249,-1.3798523197727885,-0.968674859188655,0.0,1.0,1.0,0.0
1217,-0.9394482071697037,-0.1642645095836249,-1.3798523197727885,0.5983725688651194,1.0,0.0,1.0,0.0
1218,-0.04225515433335543,-0.1642645095836249,0.3949500495407011,0.2849630832543645,0.0,0.0,1.0,0.0
1219,-0.5759527783246734,-0.1642645095836249,-0.04875054278767131,0.2849630832543645,0.0,0.0,1.0,0.0
1220,1.526051183672201,-0.1642645095836249,0.3949500495407011,-0.18515114516176784,0.0,0.0,1.0,0.0
1221,0.000912069073311779,6.087742279417393,0.3949500495407011,-0.6552653735779002,0.0,0.0,0.0,0.0
1222,-0.2249964000882463,-0.1642645095836249,1.282351234197446,-0.18515114516176784,0.0,0.0,1.0,0.0
1223,-0.006076909954434398,-0.1642645095836249,1.282351234197446,0.12825834044898704,1.0,0.0,0.0,0.0
1224,0.018041919631513022,-0.1642645095836249,1.282351234197446,1.5386010256973839,0.0,1.0,1.0,0.0
1225,-0.7417697317280614,-0.1642645095836249,0.8386506418690736,0.9117820544758742,0.0,0.0,1.0,0.0
1226,1.6376350302083242,-0.1642645095836249,0.3949500495407011,0.2849630832543645,1.0,0.0,0.0,0.0
1227,-0.4082515413598831,-0.1642645095836249,-1.3798523197727885,-1.28208434479941,1.0,0.0,1.0,0.0
1228,-0.29355006202216766,-0.1642645095836249,1.282351234197446,-0.18515114516176784,0.0,1.0,1.0,0.0
1229,-0.9605864427585241,-0.1642645095836249,-0.4924511351160437,0.9117820544758742,0.0,1.0,1.0,0.0
1230,-0.593973381111901,-0.1642645095836249,1.282351234197446,1.3818962828920065,0.0,0.0,1.0,0.0
1231,-0.8880929151962164,-0.1642645095836249,-0.4924511351160437,-0.028446402356390392,0.0,0.0,1.0,0.0
1232,-0.09525491196042998,-0.1642645095836249,-1.823552912101161,-0.028446402356390392,0.0,0.0,1.0,0.0
1233,1.0546034366093864,-0.1642645095836249,1.282351234197446,0.2849630832543645,0.0,0.0,1.0,0.0
1234,-0.9812107828305984,-0.1642645095836249,1.282351234197446,-0.028446402356390392,0.0,0.0,1.0,0.0
1235,-0.9195433208210739,-0.1642645095836249,0.3949500495407011,-0.6552653735779002,1.0,0.0,0.0,0.0
1236,1.3844558389581099,-0.1642645095836249,0.3949500495407011,0.2849630832543645,0.0,1.0,0.0,0.0
1237,1.9348036776919997,-0.1642645095836249,0.8386506418690736,0.2849630832543645,1.0,0.0,1.0,0.0
1238,0.38842354840094034,-0.1642645095836249,-0.4924511351160437,1.5386010256973839,0.0,0.0,1.0,0.0
1239,-0.8928892733525128,-0.1642645095836249,-0.4924511351160437,-0.6552653735779002,1.0,0.0,1.0,0.0
1240,-0.5481681607192709,-0.1642645095836249,0.3949500495407011,-0.6552653735779002,0.0,0.0,1.0,0.0
1241,-0.4436075529120105,-0.1642645095836249,-0.9361517274444162,-0.18515114516176784,0.0,1.0,0.0,0.0
1242,0.4569772103348617,-0.1642645095836249,-0.9361517274444162,-1.28208434479941,1.0,0.0,1.0,0.0
1243,-0.9720291829314025,-0.1642645095836249,1.7260518265258185,-0.6552653735779002,1.0,0.0,1.0,0.0
1244,1.182255082969102,-0.1642645095836249,2.613453011182563,0.12825834044898704,0.0,0.0,1.0,0.0
1245,-0.4197628009349944,-0.1642645095836249,-0.04875054278767131,-0.6552653735779002,0.0,1.0,1.0,0.0
1246,0.017904880827047342,-0.1642645095836249,0.3949500495407011,0.12825834044898704,0.0,0.0,1.0,0.0
1247,4.62556060337425,-0.1642645095836249,0.8386506418690736,-1.28208434479941,0.0,0.0,1.0,0.0
1248,0.37417151273651683,-0.1642645095836249,-0.4924511351160437,-0.18515114516176784,0.0,1.0,1.0,0.0
1249,-0.14147124876645698,-0.1642645095836249,-0.9361517274444162,-0.18515114516176784,0.0,1.0,1.0,0.0
1250,-0.7421808481414582,-0.1642645095836249,-0.4924511351160437,0.12825834044898704,0.0,1.0,0.0,0.0
1251,-0.6914079710869497,-0.1642645095836249,0.3949500495407011,0.2849630832543645,0.0,1.0,1.0,0.0
1252,0.2807453077920873,-0.1642645095836249,2.613453011182563,-0.18515114516176784,1.0,0.0,0.0,0.0
1253,2.0747545567525036,-0.1642645095836249,1.282351234197446,-2.0656080588262973,0.0,1.0,1.0,0.0
1254,-0.5324086982057258,-0.1642645095836249,0.8386506418690736,0.5983725688651194,1.0,0.0,1.0,0.0
1255,1.883790982729676,-0.1642645095836249,0.3949500495407011,0.12825834044898704,1.0,0.0,1.0,0.0
1256,-0.00826953082588411,-0.1642645095836249,-0.9361517274444162,-1.5954938304101647,1.0,0.0,0.0,0.0
1257,-0.9563039801189738,-0.1642645095836249,-1.3798523197727885,1.3818962828920065,1.0,0.0,1.0,0.0
1258,1.0471005620648945,-0.1642645095836249,1.282351234197446,0.5983725688651194,1.0,0.0,1.0,0.0
1259,-0.8328320172954592,-0.1642645095836249,-0.4924511351160437,1.2251915400866291,1.0,0.0,0.0,0.0
1260,0.40144223482517316,-0.1642645095836249,0.3949500495407011,-0.3418558879671453,0.0,1.0,1.0,0.0
1261,2.0165130648546192,-0.1642645095836249,0.8386506418690736,0.12825834044898704,1.0,0.0,1.0,0.0
1262,0.4879822398452058,-0.1642645095836249,1.282351234197446,-0.028446402356390392,0.0,1.0,1.0,0.0
1263,-0.8980624882210896,-0.1642645095836249,-1.3798523197727885,-0.6552653735779002,0.0,0.0,1.0,0.0
1264,-0.7578375315516542,-0.1642645095836249,-0.4924511351160437,0.4416678260597419,1.0,0.0,1.0,0.0
1265,1.0220224608476878,-0.1642645095836249,0.8386506418690736,-0.028446402356390392,0.0,0.0,0.0,0.0
1266,-0.9988887886066621,-0.1642645095836249,-0.4924511351160437,0.12825834044898704,1.0,0.0,1.0,0.0
1267,-0.1653160007434731,-0.1642645095836249,-0.9361517274444162,1.3818962828920065,0.0,0.0,1.0,0.0
1268,0.42456753307874484,-0.1642645095836249,-0.04875054278767131,-0.028446402356390392,1.0,0.0,1.0,0.0
1269,-0.3694010402938827,-0.1642645095836249,-0.4924511351160437,-0.028446402356390392,1.0,0.0,1.0,0.0
1270,-0.7688006359089029,-0.1642645095836249,-0.9361517274444162,0.2849630832543645,1.0,0.0,1.0,0.0
1271,-0.37501963127697274,-0.1642645095836249,0.8386506418690736,0.12825834044898704,0.0,1.0,0.0,0.0
1272,-0.9149867805725924,-0.1642645095836249,1.282351234197446,0.12825834044898704,1.0,0.0,1.0,0.0
1273,3.2138896188728863,-0.1642645095836249,0.3949500495407011,-0.028446402356390392,1.0,0.0,0.0,0.0
1274,2.9524880993547353,-0.1642645095836249,0.3949500495407011,1.3818962828920065,0.0,1.0,1.0,0.0
1275,-0.43631023657421675,6.087742279417393,-2.2672535044295334,-0.3418558879671453,1.0,0.0,1.0,0.0
1276,-0.8255689606587818,-0.1642645095836249,-0.9361517274444162,-0.028446402356390392,1.0,0.0,1.0,0.0
1277,-0.8374913366472899,-0.1642645095836249,-0.9361517274444162,-0.6552653735779002,0.0,0.0,1.0,0.0
1278,0.9922850402786505,-0.1642645095836249,1.7260518265258185,0.9117820544758742,0.0,1.0,1.0,0.0
1279,-0.5188418565636304,-0.1642645095836249,1.282351234197446,-0.6552653735779002,1.0,0.0,1.0,0.0
1280,-0.9466770041052647,-0.1642645095836249,-1.3798523197727885,-0.18515114516176784,0.0,1.0,0.0,0.0
1281,3.768554179947442,-0.1642645095836249,0.3949500495407011,-0.028446402356390392,0.0,0.0,0.0,0.0
1282,-0.7591051404929611,-0.1642645095836249,-0.4924511351160437,-2.8491317728531844,0.0,1.0,0.0,0.0
1283,-0.4364815350797988,-0.1642645095836249,-0.4924511351160437,1.5386010256973839,1.0,0.0,0.0,0.0
1284,-0.4867747763186777,-0.1642645095836249,-0.04875054278767131,-0.028446402356390392,0.0,0.0,1.0,0.0
1285,-0.5565275277916731,-0.1642645095836249,-0.9361517274444162,0.12825834044898704,0.0,1.0,1.0,0.0
1286,-0.8842900883722956,-0.1642645095836249,2.169752418854191,0.9117820544758742,0.0,0.0,1.0,0.0
1287,0.5278947916458148,-0.1642645095836249,0.8386506418690736,0.5983725688651194,0.0,1.0,1.0,0.0
1288,-0.9540770995464075,-0.1642645095836249,-0.9361517274444162,0.12825834044898704,0.0,1.0,0.0,0.0
1289,0.19667200125243553,-0.1642645095836249,-1.823552912101161,1.6953057685027615,0.0,1.0,0.0,0.0
1290,0.4457057686675652,-0.1642645095836249,0.8386506418690736,-0.028446402356390392,0.0,0.0,1.0,0.0
1291,-0.14640464572721892,-0.1642645095836249,1.282351234197446,0.2849630832543645,1.0,0.0,1.0,0.0
1292,-0.9528094906051007,-0.1642645095836249,-0.04875054278767131,-1.5954938304101647,0.0,0.0,1.0,0.0
1293,-0.3680306522492267,-0.1642645095836249,0.3949500495407011,-1.28208434479941,0.0,0.0,1.0,0.0
1294,-0.7064822395781668,6.087742279417393,-0.04875054278767131,0.12825834044898704,0.0,0.0,1.0,0.0
1295,-0.3116391842116282,-0.1642645095836249,1.282351234197446,1.3818962828920065,0.0,1.0,0.0,0.0
1296,-0.7001784545727487,-0.1642645095836249,0.8386506418690736,1.3818962828920065,0.0,1.0,1.0,0.0
1297,0.8578157133967708,-0.1642645095836249,1.282351234197446,1.3818962828920065,0.0,0.0,1.0,0.0
1298,1.176705011388245,-0.1642645095836249,-0.9361517274444162,0.12825834044898704,0.0,0.0,1.0,0.0
1299,0.05809151023658752,-0.1642645095836249,2.169752418854191,-1.5954938304101647,1.0,0.0,0.0,0.0
1300,1.8461053115016333,-0.1642645095836249,-1.3798523197727885,-0.6552653735779002,0.0,1.0,1.0,0.0
1301,2.7321982211762665,-0.1642645095836249,0.8386506418690736,-0.3418558879671453,0.0,0.0,1.0,0.0
1302,-0.37049735072960766,-0.1642645095836249,0.8386506418690736,0.2849630832543645,1.0,0.0,0.0,0.0
1303,-0.7049062933268123,-0.1642645095836249,0.8386506418690736,0.2849630832543645,1.0,0.0,0.0,0.0
1304,1.0686499140671115,-0.1642645095836249,-0.04875054278767131,-1.7521985732155423,0.0,0.0,1.0,0.0
1305,1.9243887285526127,-0.1642645095836249,-0.9361517274444162,0.12825834044898704,1.0,0.0,0.0,0.0
1306,-0.6769161175147115,-0.1642645095836249,-1.3798523197727885,1.2251915400866291,0.0,0.0,1.0,0.0
1307,-0.9209479685668462,-0.1642645095836249,-0.4924511351160437,1.2251915400866291,0.0,1.0,0.0,0.0
1308,-0.638990628378854,-0.1642645095836249,0.8386506418690736,0.12825834044898704,0.0,1.0,1.0,0.0
1309,0.5939474953982387,-0.1642645095836249,-0.9361517274444162,-0.18515114516176784,0.0,1.0,0.0,0.0
1310,-0.8406089694488825,-0.1642645095836249,1.282351234197446,-0.3418558879671453,1.0,0.0,0.0,0.0
1311,-0.7501976182026964,-0.1642645095836249,0.8386506418690736,1.3818962828920065,1.0,0.0,1.0,0.0
1312,-0.8558202767445653,-0.1642645095836249,-1.823552912101161,0.4416678260597419,1.0,0.0,1.0,0.0
1313,0.12462384980464121,-0.1642645095836249,-0.4924511351160437,0.12825834044898704,1.0,0.0,1.0,0.0
1314,-0.9137876910335182,-0.1642645095836249,0.3949500495407011,0.12825834044898704,0.0,0.0,1.0,0.0
1315,1.4143645580327289,-0.1642645095836249,-0.4924511351160437,-0.028446402356390392,0.0,1.0,1.0,0.0
1316,-0.2650459906933208,-0.1642645095836249,-0.04875054278767131,-0.6552653735779002,0.0,0.0,1.0,0.0
1317,-0.9260869237343067,-0.1642645095836249,0.8386506418690736,0.2849630832543645,0.0,0.0,1.0,0.0
1318,-0.6717429026461348,-0.1642645095836249,-0.04875054278767131,1.2251915400866291,0.0,0.0,1.0,0.0
1319,-0.4623133497215663,-0.1642645095836249,-0.9361517274444162,-0.18515114516176784,0.0,0.0,1.0,0.0
1320,-0.9835061828053974,-0.1642645095836249,0.3949500495407011,0.2849630832543645,0.0,0.0,1.0,0.0
1321,-0.09206875975660452,-0.1642645095836249,0.3949500495407011,1.5386010256973839,1.0,0.0,1.0,0.0
1322,-0.3263365959905648,-0.1642645095836249,-1.3798523197727885,-0.18515114516176784,0.0,1.0,1.0,0.0
1323,-0.17134570813995992,-0.1642645095836249,1.282351234197446,-0.028446402356390392,0.0,0.0,1.0,0.0
1324,1.3312505231243366,-0.1642645095836249,-0.04875054278767131,0.4416678260597419,0.0,0.0,1.0,0.0
1325,0.2126027622715626,-0.1642645095836249,1.282351234197446,0.12825834044898704,0.0,1.0,0.0,0.0
1326,-0.642999013409473,-0.1642645095836249,1.282351234197446,0.2849630832543645,1.0,0.0,1.0,0.0
1327,-0.2804971158968183,-0.1642645095836249,0.3949500495407011,-0.8119701163832775,1.0,0.0,0.0,0.0
1328,0.6617817036087157,-0.1642645095836249,-0.4924511351160437,-0.8119701163832775,0.0,1.0,1.0,0.0
1329,-0.2511708117411778,-0.1642645095836249,0.8386506418690736,0.12825834044898704,0.0,1.0,1.0,0.0
1330,1.084101039270609,-0.1642645095836249,-0.04875054278767131,-1.5954938304101647,0.0,0.0,1.0,0.0
1331,1.066148955885614,-0.1642645095836249,-1.3798523197727885,1.6953057685027615,0.0,1.0,1.0,0.0
1332,-0.3804326640533643,-0.1642645095836249,-0.9361517274444162,1.2251915400866291,1.0,0.0,1.0,0.0
1333,1.8588156606158186,-0.1642645095836249,-1.823552912101161,0.12825834044898704,1.0,0.0,0.0,0.0
1334,-0.32291062587892455,-0.1642645095836249,2.169752418854191,-0.6552653735779002,0.0,0.0,1.0,0.0
1335,-0.708195224633987,-0.1642645095836249,-0.4924511351160437,0.12825834044898704,0.0,0.0,1.0,0.0
1336,-0.8136123249691574,-0.1642645095836249,-0.4924511351160437,-2.8491317728531844,1.0,0.0,0.0,0.0
1337,0.3300107579974741,-0.1642645095836249,0.3949500495407011,0.5983725688651194,1.0,0.0,1.0,0.0
1338,-0.9531178279151483,-0.1642645095836249,0.8386506418690736,0.12825834044898704,0.0,0.0,1.0,0.0
1339,0.8901226115495382,-0.1642645095836249,0.3949500495407011,-1.7521985732155423,0.0,1.0,0.0,0.0
1340,-0.8240272741085437,-0.1642645095836249,-0.4924511351160437,0.2849630832543645,0.0,1.0,0.0,0.0
1341,0.3346358176481883,-0.1642645095836249,0.8386506418690736,0.7550773116704967,0.0,1.0,0.0,0.0
1342,-0.029270727610238818,-0.1642645095836249,0.8386506418690736,-0.18515114516176784,0.0,0.0,1.0,0.0
1343,-0.8615759065321208,-0.1642645095836249,-0.9361517274444162,-0.3418558879671453,0.0,1.0,1.0,0.0
1344,0.12986558407545068,-0.1642645095836249,-0.9361517274444162,-0.968674859188655,0.0,0.0,1.0,0.0
1345,0.30996883284437854,-0.1642645095836249,0.3949500495407011,0.2849630832543645,0.0,1.0,1.0,0.0
1346,0.7649034039690872,-0.1642645095836249,1.282351234197446,-0.968674859188655,0.0,1.0,0.0,0.0
1347,1.6780957372267953,-0.1642645095836249,0.3949500495407011,0.5983725688651194,0.0,1.0,1.0,0.0
1348,-0.9109441358408569,-0.1642645095836249,-0.9361517274444162,-0.028446402356390392,0.0,0.0,0.0,0.0
1349,-0.9431482548902751,-0.1642645095836249,-0.04875054278767131,1.2251915400866291,0.0,0.0,1.0,0.0
1350,-0.3236643393034854,-0.1642645095836249,-1.823552912101161,-0.028446402356390392,0.0,0.0,1.0,0.0
1351,0.06285360869176743,-0.1642645095836249,-1.823552912101161,-0.028446402356390392,1.0,0.0,0.0,0.0
1352,-0.36097315381924777,-0.1642645095836249,-0.4924511351160437,-2.8491317728531844,0.0,1.0,1.0,0.0
1353,4.156099918976187,-0.1642645095836249,-0.9361517274444162,1.3818962828920065,0.0,1.0,1.0,0.0
1354,-1.0186566361508262,-0.1642645095836249,-1.3798523197727885,1.3818962828920065,0.0,1.0,1.0,0.0
1355,-0.2974556679494375,-0.1642645095836249,-0.9361517274444162,0.2849630832543645,0.0,0.0,1.0,0.0
1356,0.3736233575186543,-0.1642645095836249,-0.4924511351160437,0.2849630832543645,0.0,0.0,1.0,0.0
1357,0.42929537183280836,6.087742279417393,-0.04875054278767131,1.2251915400866291,0.0,0.0,1.0,0.0
1358,-0.9489038846778308,-0.1642645095836249,-0.04875054278767131,1.2251915400866291,0.0,0.0,0.0,0.0
1359,-0.4220924606109098,-0.1642645095836249,-0.9361517274444162,-0.3418558879671453,0.0,0.0,1.0,0.0
1360,-0.9926192633023603,-0.1642645095836249,-1.3798523197727885,-0.968674859188655,1.0,0.0,0.0,0.0
1361,-0.8072057608603902,-0.1642645095836249,0.8386506418690736,0.4416678260597419,0.0,1.0,1.0,0.0
1362,-0.8316329277563851,6.087742279417393,0.3949500495407011,-0.3418558879671453,1.0,0.0,0.0,0.0
1363,-0.3182513065270939,-0.1642645095836249,-0.4924511351160437,1.3818962828920065,1.0,0.0,1.0,0.0
1364,-0.9628475830322065,-0.1642645095836249,-0.04875054278767131,1.2251915400866291,1.0,0.0,1.0,0.0
1365,-0.7066877977848652,-0.1642645095836249,0.3949500495407011,-0.6552653735779002,1.0,0.0,1.0,0.0
1366,-0.3498044912553005,-0.1642645095836249,-0.9361517274444162,0.5983725688651194,0.0,0.0,1.0,0.0
1367,-0.8495507514402636,-0.1642645095836249,2.613453011182563,-2.692427030047807,0.0,0.0,1.0,0.0
1368,0.6494482112068108,-0.1642645095836249,-0.04875054278767131,1.5386010256973839,1.0,0.0,0.0,0.0
1369,0.3700260889014322,-0.1642645095836249,-0.4924511351160437,1.2251915400866291,0.0,1.0,1.0,0.0
1370,0.7378039803860129,-0.1642645095836249,-0.04875054278767131,-0.8119701163832775,1.0,0.0,1.0,0.0
1371,0.16563271204097488,-0.1642645095836249,-0.4924511351160437,-2.692427030047807,0.0,0.0,1.0,0.0
1372,0.20201651462659434,-0.1642645095836249,-0.04875054278767131,-0.18515114516176784,0.0,1.0,1.0,0.0
1373,-0.9842256365288418,-0.1642645095836249,1.7260518265258185,-1.28208434479941,0.0,1.0,1.0,0.0
1374,-0.2943037754467285,-0.1642645095836249,-0.9361517274444162,0.2849630832543645,1.0,0.0,1.0,0.0
1375,-0.26072926835265403,-0.1642645095836249,-0.4924511351160437,1.3818962828920065,1.0,0.0,0.0,0.0
1376,-0.06633972421818629,-0.1642645095836249,-1.3798523197727885,0.12825834044898704,0.0,1.0,1.0,0.0
1377,-0.6191200017313405,-0.1642645095836249,1.7260518265258185,0.5983725688651194,0.0,0.0,1.0,0.0
1378,0.10680880522411175,-0.1642645095836249,-0.04875054278767131,-0.028446402356390392,0.0,1.0,0.0,0.0
1379,-0.7539319256243843,-0.1642645095836249,0.3949500495407011,-1.28208434479941,1.0,0.0,1.0,0.0
1380,0.42532124650330577,-0.1642645095836249,-0.04875054278767131,-0.028446402356390392,0.0,1.0,1.0,0.0
1381,0.05514517594057686,-0.1642645095836249,2.169752418854191,1.3818962828920065,1.0,0.0,1.0,0.0
1382,0.39099302598467056,-0.1642645095836249,1.282351234197446,-1.7521985732155423,1.0,0.0,1.0,0.0
1383,0.723346386514891,-0.1642645095836249,0.8386506418690736,0.12825834044898704,1.0,0.0,1.0,0.0
1384,-0.49509988368996344,-0.1642645095836249,0.3949500495407011,0.9117820544758742,0.0,0.0,1.0,0.0
1385,-0.9407158161110106,-0.1642645095836249,0.3949500495407011,-0.6552653735779002,1.0,0.0,1.0,0.0
1386,-0.7821961790454163,6.087742279417393,-0.4924511351160437,1.5386010256973839,0.0,1.0,1.0,0.0
1387,-0.8439664201582899,-0.1642645095836249,-0.04875054278767131,-0.028446402356390392,1.0,0.0,0.0,0.0
1388,0.37704932763029453,-0.1642645095836249,-0.9361517274444162,0.4416678260597419,0.0,0.0,1.0,0.0
1389,0.5538293853909314,-0.1642645095836249,-0.4924511351160437,1.2251915400866291,1.0,0.0,1.0,0.0
1390,0.01358815848638066,-0.1642645095836249,-0.04875054278767131,0.2849630832543645,1.0,0.0,1.0,0.0
1391,-0.9590104965071695,-0.1642645095836249,-0.04875054278767131,-0.028446402356390392,0.0,1.0,1.0,0.0
1392,-1.0014240064892757,-0.1642645095836249,-0.9361517274444162,-0.3418558879671453,0.0,1.0,0.0,0.0
1393,0.35553423532919387,-0.1642645095836249,-0.04875054278767131,1.5386010256973839,1.0,0.0,1.0,0.0
1394,-0.5214113341473605,-0.1642645095836249,0.8386506418690736,1.2251915400866291,0.0,1.0,1.0,0.0
1395,0.8864568235300833,-0.1642645095836249,1.282351234197446,0.2849630832543645,0.0,1.0,1.0,0.0
1396,-0.9020023538494758,-0.1642645095836249,0.3949500495407011,1.2251915400866291,0.0,0.0,1.0,0.0
1397,1.6547306210654091,-0.1642645095836249,-0.4924511351160437,1.2251915400866291,0.0,1.0,0.0,0.0
1398,-0.05119693632473653,-0.1642645095836249,-0.4924511351160437,1.6953057685027615,0.0,0.0,1.0,0.0
1399,0.02629850760056591,-0.1642645095836249,2.613453011182563,-0.6552653735779002,0.0,1.0,1.0,0.0
1400,-0.38296788193597814,-0.1642645095836249,-0.4924511351160437,-0.028446402356390392,0.0,1.0,1.0,0.0
1401,-0.79339910131048,-0.1642645095836249,0.8386506418690736,-0.6552653735779002,0.0,1.0,1.0,0.0
1402,0.5151159231293966,-0.1642645095836249,0.3949500495407011,1.2251915400866291,1.0,0.0,1.0,0.0
1403,-0.06267393619873124,-0.1642645095836249,0.3949500495407011,1.3818962828920065,0.0,0.0,1.0,0.0
1404,-0.9279026878934761,-0.1642645095836249,0.8386506418690736,-0.18515114516176784,0.0,1.0,1.0,0.0
1405,1.0742342453490852,-0.1642645095836249,-0.9361517274444162,0.5983725688651194,0.0,0.0,1.0,0.0
1406,-0.07672041365645633,-0.1642645095836249,-2.2672535044295334,-0.18515114516176784,0.0,1.0,1.0,0.0
1407,0.4460483656787293,-0.1642645095836249,-0.04875054278767131,-0.028446402356390392,1.0,0.0,1.0,0.0
1408,0.5876779700939371,-0.1642645095836249,0.8386506418690736,-0.028446402356390392,0.0,0.0,0.0,0.0
1409,-0.6673234012021187,-0.1642645095836249,-0.4924511351160437,0.2849630832543645,1.0,0.0,1.0,0.0
1410,-0.9420862041556667,-0.1642645095836249,-0.4924511351160437,0.2849630832543645,0.0,1.0,1.0,0.0
1411,-0.7856221491570565,-0.1642645095836249,-0.04875054278767131,0.2849630832543645,0.0,1.0,1.0,0.0
1412,-0.9042634941231584,-0.1642645095836249,1.7260518265258185,-0.18515114516176784,0.0,1.0,0.0,0.0
1413,0.22298345170983266,-0.1642645095836249,-0.04875054278767131,0.7550773116704967,0.0,0.0,0.0,0.0
1414,-0.7686635971044372,-0.1642645095836249,-0.4924511351160437,-0.3418558879671453,1.0,0.0,1.0,0.0
1415,1.2227157899875736,-0.1642645095836249,0.8386506418690736,-0.028446402356390392,0.0,1.0,0.0,0.0
1416,-0.9559613831078096,-0.1642645095836249,-0.04875054278767131,0.5983725688651194,1.0,0.0,0.0,0.0
1417,0.31332628355378606,-0.1642645095836249,-0.9361517274444162,-1.5954938304101647,0.0,0.0,1.0,0.0
1418,-0.9942637289559477,-0.1642645095836249,0.8386506418690736,0.5983725688651194,0.0,1.0,1.0,0.0
1419,-0.6444721805574782,-0.1642645095836249,1.282351234197446,-1.28208434479941,0.0,1.0,1.0,0.0
1420,-0.7903157282100037,-0.1642645095836249,1.7260518265258185,0.2849630832543645,0.0,0.0,1.0,0.0
1421,0.12979706467321794,-0.1642645095836249,0.8386506418690736,1.3818962828920065,1.0,0.0,1.0,0.0
1422,-0.8888808883218937,-0.1642645095836249,-1.823552912101161,-2.8491317728531844,0.0,1.0,1.0,0.0
1423,2.6701539024544623,-0.1642645095836249,-0.9361517274444162,0.5983725688651194,1.0,0.0,1.0,0.0
1424,0.21387037121286953,-0.1642645095836249,-0.04875054278767131,-1.5954938304101647,0.0,1.0,1.0,0.0
1425,0.925410103699433,-0.1642645095836249,0.3949500495407011,0.5983725688651194,0.0,1.0,1.0,0.0
1426,-0.2720349697210669,-0.1642645095836249,0.8386506418690736,-0.028446402356390392,0.0,0.0,1.0,0.0
1427,-0.3001279246365169,-0.1642645095836249,0.3949500495407011,0.4416678260597419,0.0,0.0,1.0,0.0
1428,-0.9817931977495773,-0.1642645095836249,-0.04875054278767131,1.2251915400866291,1.0,0.0,1.0,0.0
1429,-0.7337187019657068,-0.1642645095836249,2.169752418854191,-0.18515114516176784,0.0,1.0,1.0,0.0
1430,0.16230952103268395,-0.1642645095836249,-0.9361517274444162,-0.028446402356390392,0.0,1.0,1.0,0.0
1431,-0.4292869978453543,-0.1642645095836249,-0.4924511351160437,-2.0656080588262973,0.0,0.0,1.0,0.0
1432,-0.34963319274971855,-0.1642645095836249,-0.04875054278767131,0.9117820544758742,0.0,1.0,1.0,0.0
1433,-0.6727364339785102,-0.1642645095836249,0.3949500495407011,0.12825834044898704,0.0,1.0,1.0,0.0
1434,-0.40129682203325345,6.087742279417393,-2.2672535044295334,0.12825834044898704,0.0,0.0,1.0,0.0
1435,1.3531082124366014,-0.1642645095836249,-0.9361517274444162,1.3818962828920065,1.0,0.0,1.0,0.0
1436,-0.5148677312341277,-0.1642645095836249,1.282351234197446,0.2849630832543645,0.0,1.0,0.0,0.0
1437,-0.6513241207807587,-0.1642645095836249,-1.3798523197727885,1.5386010256973839,1.0,0.0,1.0,0.0
1438,5.253472405435675,-0.1642645095836249,-0.04875054278767131,-0.8119701163832775,0.0,1.0,0.0,0.0
1439,-0.7402965645800561,-0.1642645095836249,1.282351234197446,-1.7521985732155423,1.0,0.0,1.0,0.0
1440,0.2325761680224254,-0.1642645095836249,0.3949500495407011,0.2849630832543645,0.0,1.0,0.0,0.0
1441,0.6629465334466734,-0.1642645095836249,-0.04875054278767131,0.5983725688651194,0.0,1.0,0.0,0.0
1442,0.5317318781708519,-0.1642645095836249,-0.9361517274444162,1.5386010256973839,1.0,0.0,1.0,0.0
1443,1.1903403724325732,-0.1642645095836249,-0.9361517274444162,0.5983725688651194,1.0,0.0,1.0,0.0
1444,-0.4395991678813914,-0.1642645095836249,-0.04875054278767131,1.2251915400866291,1.0,0.0,1.0,0.0
1445,-0.7166231111086219,-0.1642645095836249,-0.04875054278767131,-2.0656080588262973,0.0,0.0,1.0,0.0
1446,-0.48670625691644487,-0.1642645095836249,-0.4924511351160437,-1.28208434479941,0.0,0.0,1.0,0.0
1447,2.378398287747179,-0.1642645095836249,-0.04875054278767131,-0.6552653735779002,0.0,1.0,1.0,0.0
1448,-0.8851123211990893,-0.1642645095836249,-0.04875054278767131,-1.5954938304101647,0.0,0.0,1.0,0.0
1449,-0.49876567170941855,-0.1642645095836249,0.3949500495407011,1.6953057685027615,0.0,0.0,1.0,0.0
1450,-0.7496837226859504,-0.1642645095836249,-0.9361517274444162,-0.6552653735779002,0.0,0.0,0.0,0.0
1451,-0.9287591804213862,-0.1642645095836249,2.613453011182563,-0.18515114516176784,0.0,1.0,1.0,0.0
1452,-0.7330677676444951,-0.1642645095836249,2.169752418854191,-0.028446402356390392,0.0,0.0,1.0,0.0
1453,-0.5303873758398581,-0.1642645095836249,0.3949500495407011,-0.028446402356390392,1.0,0.0,1.0,0.0
1454,-0.8277273218291151,-0.1642645095836249,-1.823552912101161,-2.0656080588262973,0.0,0.0,1.0,0.0
1455,1.633797943683287,-0.1642645095836249,-0.9361517274444162,-1.28208434479941,1.0,0.0,1.0,0.0
1456,-0.6585529177163197,-0.1642645095836249,-0.04875054278767131,-0.968674859188655,0.0,0.0,1.0,0.0
1457,-0.6124393600136421,-0.1642645095836249,0.3949500495407011,-0.6552653735779002,0.0,1.0,1.0,0.0
1458,-0.8611990498198404,-0.1642645095836249,-0.04875054278767131,-0.028446402356390392,1.0,0.0,1.0,0.0
1459,1.2405993539703357,-0.1642645095836249,2.613453011182563,-0.028446402356390392,1.0,0.0,0.0,0.0
1460,0.27536653471681216,-0.1642645095836249,-0.9361517274444162,0.7550773116704967,0.0,1.0,1.0,0.0
1461,-0.6286441986417004,-0.1642645095836249,-1.823552912101161,0.2849630832543645,1.0,0.0,1.0,0.0
1462,-0.9808339261183179,-0.1642645095836249,-0.9361517274444162,-1.28208434479941,0.0,1.0,0.0,0.0
1463,-0.6923672427182089,-0.1642645095836249,-1.823552912101161,0.9117820544758742,0.0,1.0,1.0,0.0
1464,-0.5709851216627949,-0.1642645095836249,-0.9361517274444162,0.5983725688651194,1.0,0.0,0.0,0.0
1465,-0.08436032700541396,-0.1642645095836249,1.282351234197446,0.2849630832543645,0.0,1.0,1.0,0.0
1466,-0.7682524806910405,-0.1642645095836249,-0.9361517274444162,-0.3418558879671453,1.0,0.0,1.0,0.0
1467,-0.9169738432373437,-0.1642645095836249,-0.9361517274444162,-0.3418558879671453,0.0,0.0,1.0,0.0
1468,0.033047668720497296,-0.1642645095836249,0.8386506418690736,-0.028446402356390392,0.0,0.0,1.0,0.0
1469,-0.8464673783397874,-0.1642645095836249,-0.9361517274444162,0.2849630832543645,0.0,1.0,1.0,0.0
1470,1.7913240494165057,-0.1642645095836249,-0.4924511351160437,1.6953057685027615,0.0,1.0,0.0,0.0
1471,-0.4951341433910799,-0.1642645095836249,-1.823552912101161,0.5983725688651194,0.0,0.0,1.0,0.0
1472,-0.838176530669618,-0.1642645095836249,1.282351234197446,1.2251915400866291,1.0,0.0,1.0,0.0
1473,0.2974297822357753,-0.1642645095836249,1.282351234197446,0.12825834044898704,0.0,0.0,1.0,0.0
1474,-0.21300550469750543,-0.1642645095836249,-0.9361517274444162,-0.6552653735779002,1.0,0.0,1.0,0.0
1475,-0.6281988225271871,-0.1642645095836249,-0.4924511351160437,-1.5954938304101647,0.0,0.0,1.0,0.0
1476,-0.9763116455709527,-0.1642645095836249,0.3949500495407011,-2.0656080588262973,1.0,0.0,1.0,0.0
1477,2.397412421866782,-0.1642645095836249,-0.4924511351160437,1.6953057685027615,0.0,0.0,1.0,0.0
1478,0.26012096772001286,-0.1642645095836249,0.8386506418690736,0.12825834044898704,0.0,0.0,1.0,0.0
1479,0.13174986763685287,-0.1642645095836249,-0.4924511351160437,-0.028446402356390392,1.0,0.0,1.0,0.0
1480,0.23754382468430374,-0.1642645095836249,0.3949500495407011,0.5983725688651194,0.0,1.0,1.0,0.0
1481,-0.6349137239460021,-0.1642645095836249,-0.4924511351160437,0.2849630832543645,1.0,0.0,1.0,0.0
1482,0.6761707780776046,-0.1642645095836249,0.3949500495407011,-0.968674859188655,0.0,0.0,1.0,0.0
1483,0.9044089069150782,-0.1642645095836249,-1.823552912101161,-0.968674859188655,0.0,1.0,1.0,0.0
1484,0.4910998726467985,-0.1642645095836249,-0.9361517274444162,-0.028446402356390392,0.0,1.0,1.0,0.0
1485,-0.7732201373529188,-0.1642645095836249,0.3949500495407011,1.5386010256973839,1.0,0.0,1.0,0.0
1486,-0.14023789952626642,-0.1642645095836249,0.3949500495407011,-0.028446402356390392,0.0,1.0,0.0,0.0
1487,-0.4489520662861693,-0.1642645095836249,-1.3798523197727885,0.5983725688651194,1.0,0.0,0.0,0.0
1488,-0.07308888533811767,-0.1642645095836249,0.3949500495407011,-1.28208434479941,1.0,0.0,1.0,0.0
1489,-0.8980624882210896,-0.1642645095836249,-0.9361517274444162,-0.18515114516176784,0.0,0.0,1.0,0.0
1490,-0.8888808883218937,-0.1642645095836249,-0.04875054278767131,-2.692427030047807,1.0,0.0,1.0,0.0
1491,0.7148842403391396,-0.1642645095836249,-1.3798523197727885,-1.28208434479941,0.0,0.0,0.0,0.0
1492,1.5030629242230953,-0.1642645095836249,-1.3798523197727885,-0.18515114516176784,0.0,1.0,1.0,0.0
1493,0.3146281521962093,-0.1642645095836249,2.613453011182563,-0.028446402356390392,0.0,0.0,0.0,0.0
1494,-0.9319110729240953,-0.1642645095836249,-1.823552912101161,0.9117820544758742,0.0,0.0,1.0,0.0
1495,0.5087778784228623,-0.1642645095836249,-0.4924511351160437,0.2849630832543645,0.0,0.0,1.0,0.0
1496,-0.5133945640861224,-0.1642645095836249,1.282351234197446,-0.028446402356390392,1.0,0.0,1.0,0.0
1497,3.190318944504801,-0.1642645095836249,-1.3798523197727885,-0.3418558879671453,0.0,0.0,1.0,0.0
1498,-0.861164790118724,-0.1642645095836249,-0.9361517274444162,0.12825834044898704,0.0,1.0,1.0,0.0
1499,-0.11039769985387993,-0.1642645095836249,-0.4924511351160437,-1.7521985732155423,1.0,0.0,1.0,0.0
1500,0.15408719276474722,-0.1642645095836249,-1.3798523197727885,0.2849630832543645,0.0,1.0,1.0,0.0
1501,0.40997290040315737,-0.1642645095836249,0.3949500495407011,-0.18515114516176784,0.0,1.0,0.0,0.0
1502,-0.9043320135253912,-0.1642645095836249,-0.4924511351160437,-0.8119701163832775,0.0,1.0,1.0,0.0
1503,-0.7982982385701255,-0.1642645095836249,-0.4924511351160437,-2.0656080588262973,1.0,0.0,1.0,0.0
1504,-0.9399621026864496,-0.1642645095836249,-0.04875054278767131,0.7550773116704967,1.0,0.0,0.0,0.0
1505,-0.46961066605935997,-0.1642645095836249,-0.4924511351160437,0.12825834044898704,0.0,0.0,0.0,0.0
1506,-0.0641128436456202,-0.1642645095836249,-0.4924511351160437,0.2849630832543645,1.0,0.0,1.0,0.0
1507,-0.04146718120767811,-0.1642645095836249,-1.3798523197727885,1.3818962828920065,1.0,0.0,0.0,0.0
1508,-0.773322916456268,-0.1642645095836249,-1.823552912101161,-0.6552653735779002,0.0,0.0,1.0,0.0
1509,0.03839218209465609,-0.1642645095836249,-0.04875054278767131,-1.28208434479941,0.0,0.0,1.0,0.0
1510,-0.5558423337693451,-0.1642645095836249,0.8386506418690736,0.5983725688651194,1.0,0.0,1.0,0.0
1511,-0.03139482907945579,-0.1642645095836249,1.282351234197446,-0.6552653735779002,1.0,0.0,1.0,0.0
1512,-0.5143538357173816,-0.1642645095836249,-0.04875054278767131,-2.8491317728531844,0.0,1.0,0.0,0.0
1513,-0.2858758889720935,-0.1642645095836249,-0.4924511351160437,0.5983725688651194,1.0,0.0,1.0,0.0
1514,-0.7751386806154373,-0.1642645095836249,0.8386506418690736,0.7550773116704967,0.0,1.0,1.0,0.0
1515,-0.43589912016081994,6.087742279417393,-0.9361517274444162,-0.18515114516176784,0.0,0.0,1.0,0.0
1516,2.2887749096266696,-0.1642645095836249,-0.4924511351160437,-0.028446402356390392,0.0,0.0,1.0,0.0
1517,1.5037823779465396,-0.1642645095836249,-0.9361517274444162,1.2251915400866291,0.0,0.0,1.0,0.0
1518,-0.2883768471535909,-0.1642645095836249,-0.4924511351160437,-0.8119701163832775,0.0,0.0,1.0,0.0
1519,-0.6971978605756217,-0.1642645095836249,0.8386506418690736,0.7550773116704967,1.0,0.0,1.0,0.0
1520,-0.7069961350949128,-0.1642645095836249,-0.4924511351160437,0.2849630832543645,0.0,0.0,1.0,0.0
1521,-0.11536535651575826,-0.1642645095836249,0.8386506418690736,-0.028446402356390392,1.0,0.0,0.0,0.0
1522,-0.7540347047277335,-0.1642645095836249,0.3949500495407011,1.6953057685027615,0.0,1.0,0.0,0.0
1523,-1.0070425974723658,-0.1642645095836249,-0.4924511351160437,0.7550773116704967,0.0,1.0,1.0,0.0
1524,-0.8692158198810787,-0.1642645095836249,-0.9361517274444162,0.2849630832543645,0.0,1.0,0.0,0.0
1525,1.0085583983089417,-0.1642645095836249,0.3949500495407011,-2.0656080588262973,0.0,0.0,1.0,0.0
1526,-0.24942356698424126,-0.1642645095836249,-0.04875054278767131,0.2849630832543645,0.0,1.0,1.0,0.0
1527,-0.7992575102013847,-0.1642645095836249,-0.9361517274444162,-1.28208434479941,0.0,0.0,1.0,0.0
1528,-0.6365581895995892,-0.1642645095836249,0.3949500495407011,0.12825834044898704,0.0,1.0,1.0,0.0
1529,2.1568750603285203,-0.1642645095836249,-1.3798523197727885,-0.3418558879671453,0.0,0.0,1.0,0.0
1530,1.082970469133768,-0.1642645095836249,-0.04875054278767131,1.6953057685027615,1.0,0.0,0.0,0.0
1531,-0.9302323475693914,-0.1642645095836249,0.3949500495407011,-1.28208434479941,1.0,0.0,1.0,0.0
1532,-0.4355907828507724,-0.1642645095836249,0.3949500495407011,-0.3418558879671453,1.0,0.0,1.0,0.0
1533,0.1599113419545356,-0.1642645095836249,-0.9361517274444162,-0.028446402356390392,1.0,0.0,1.0,0.0
1534,1.9703652474508249,-0.1642645095836249,0.3949500495407011,-1.7521985732155423,0.0,1.0,1.0,0.0
1535,-0.015909444174841927,-0.1642645095836249,2.169752418854191,0.5983725688651194,1.0,0.0,1.0,0.0
1536,-0.9221127984048041,-0.1642645095836249,0.3949500495407011,0.12825834044898704,0.0,0.0,1.0,0.0
1537,-0.3034511156448079,-0.1642645095836249,-0.4924511351160437,-2.0656080588262973,0.0,0.0,1.0,0.0
1538,-0.9508566876414657,-0.1642645095836249,-0.04875054278767131,0.12825834044898704,0.0,0.0,1.0,0.0
1539,-0.41993409944057636,-0.1642645095836249,-0.9361517274444162,-0.6552653735779002,0.0,1.0,1.0,0.0
1540,-0.7129230633880504,-0.1642645095836249,0.3949500495407011,-1.28208434479941,1.0,0.0,0.0,0.0
1541,-0.779866519369501,-0.1642645095836249,-0.04875054278767131,-1.28208434479941,1.0,0.0,1.0,0.0
1542,-0.5176085073234399,-0.1642645095836249,0.3949500495407011,-2.8491317728531844,0.0,0.0,1.0,0.0
1543,0.2712896302839601,-0.1642645095836249,2.613453011182563,-0.6552653735779002,0.0,1.0,0.0,0.0
1544,-0.5106537879968103,-0.1642645095836249,2.613453011182563,-0.8119701163832775,1.0,0.0,0.0,0.0
1545,0.3123670119225267,-0.1642645095836249,-1.823552912101161,0.12825834044898704,0.0,1.0,0.0,0.0
1546,-0.6756485085734045,-0.1642645095836249,-0.9361517274444162,0.2849630832543645,1.0,0.0,1.0,0.0
1547,-0.5494015099594615,-0.1642645095836249,1.282351234197446,0.12825834044898704,1.0,0.0,1.0,0.0
1548,1.9620743997806553,-0.1642645095836249,-0.4924511351160437,-0.028446402356390392,0.0,0.0,1.0,0.0
1549,0.552767334656323,-0.1642645095836249,0.8386506418690736,0.5983725688651194,1.0,0.0,1.0,0.0
1550,0.10194392766558275,-0.1642645095836249,1.282351234197446,0.5983725688651194,1.0,0.0,0.0,0.0
1551,1.5744258816485615,6.087742279417393,0.3949500495407011,-0.028446402356390392,0.0,1.0,1.0,0.0
1552,-1.0002249169502018,-0.1642645095836249,-1.823552912101161,0.2849630832543645,0.0,1.0,1.0,0.0
1553,-0.8577388200070838,-0.1642645095836249,-0.04875054278767131,0.5983725688651194,0.0,1.0,0.0,0.0
1554,-0.1993358839520608,-0.1642645095836249,-0.04875054278767131,-1.28208434479941,0.0,1.0,0.0,0.0
1555,-0.9939211319447836,-0.1642645095836249,0.8386506418690736,-0.028446402356390392,0.0,0.0,1.0,0.0
1556,-0.43380927839271943,-0.1642645095836249,-0.9361517274444162,-0.6552653735779002,1.0,0.0,1.0,0.0
1557,-0.12047005198210226,-0.1642645095836249,-0.04875054278767131,-0.028446402356390392,0.0,1.0,0.0,0.0
1558,1.238680810707817,-0.1642645095836249,2.169752418854191,0.2849630832543645,0.0,0.0,1.0,0.0
1559,-0.9115265507598356,-0.1642645095836249,0.3949500495407011,0.2849630832543645,0.0,1.0,1.0,0.0
1560,-0.6370035657141025,-0.1642645095836249,2.613453011182563,-1.7521985732155423,0.0,1.0,0.0,0.0
1561,-0.1630206007686742,-0.1642645095836249,-0.9361517274444162,0.2849630832543645,0.0,0.0,1.0,0.0
1562,0.878953948985591,-0.1642645095836249,-2.2672535044295334,-0.028446402356390392,0.0,0.0,1.0,0.0
1563,1.0314438786546984,-0.1642645095836249,-0.4924511351160437,1.3818962828920065,1.0,0.0,0.0,0.0
1564,-0.9223183566115025,6.087742279417393,0.8386506418690736,-0.968674859188655,1.0,0.0,1.0,0.0
1565,-0.9619910905042965,-0.1642645095836249,-0.04875054278767131,-0.028446402356390392,0.0,0.0,1.0,0.0
1566,2.0528283480380054,-0.1642645095836249,-0.9361517274444162,-1.5954938304101647,0.0,1.0,1.0,0.0
1567,-0.4748181406290532,-0.1642645095836249,1.282351234197446,-0.6552653735779002,0.0,0.0,1.0,0.0
1568,-0.8266310113933903,-0.1642645095836249,-0.04875054278767131,0.5983725688651194,0.0,1.0,0.0,0.0
1569,-0.32068374530635835,-0.1642645095836249,0.8386506418690736,1.2251915400866291,0.0,1.0,1.0,0.0
1570,-0.8448571723873164,-0.1642645095836249,1.282351234197446,0.5983725688651194,1.0,0.0,1.0,0.0
1571,-0.6725651354729283,-0.1642645095836249,0.3949500495407011,0.12825834044898704,0.0,1.0,0.0,0.0
1572,0.0079695675032907,-0.1642645095836249,0.3949500495407011,0.4416678260597419,0.0,0.0,1.0,0.0
1573,-0.7538976659232678,-0.1642645095836249,-0.9361517274444162,-0.6552653735779002,0.0,1.0,1.0,0.0
1574,-0.956680836831254,-0.1642645095836249,0.8386506418690736,-0.6552653735779002,1.0,0.0,1.0,0.0
1575,1.4900784974999786,-0.1642645095836249,-1.823552912101161,-0.028446402356390392,0.0,0.0,0.0,0.0
1576,-0.7964824744109561,-0.1642645095836249,-0.9361517274444162,-0.6552653735779002,0.0,0.0,1.0,0.0
1577,-0.7897675729921413,-0.1642645095836249,-0.04875054278767131,1.5386010256973839,0.0,0.0,0.0,0.0
1578,-0.5485450174315514,-0.1642645095836249,-0.4924511351160437,0.2849630832543645,1.0,0.0,1.0,0.0
1579,0.34522206529315674,-0.1642645095836249,-1.3798523197727885,-0.8119701163832775,0.0,0.0,1.0,0.0
1580,0.5888085402307783,-0.1642645095836249,-1.3798523197727885,-0.18515114516176784,0.0,0.0,1.0,0.0
1581,-0.8907994315844122,-0.1642645095836249,1.282351234197446,-0.18515114516176784,0.0,0.0,1.0,0.0
1582,-0.4705699376906193,-0.1642645095836249,-0.9361517274444162,-1.7521985732155423,0.0,0.0,1.0,0.0
1583,0.060969325130365244,-0.1642645095836249,-1.3798523197727885,-0.18515114516176784,1.0,0.0,0.0,0.0
1584,0.4679060549909941,-0.1642645095836249,0.8386506418690736,0.2849630832543645,0.0,0.0,1.0,0.0
1585,-0.4511446871576191,-0.1642645095836249,-0.04875054278767131,0.12825834044898704,0.0,0.0,1.0,0.0
1586,-0.29543434558356974,-0.1642645095836249,1.282351234197446,-0.3418558879671453,1.0,0.0,1.0,0.0
1587,-0.19234690492431472,-0.1642645095836249,0.3949500495407011,-2.692427030047807,0.0,1.0,1.0,0.0
1588,-0.9399278429853333,-0.1642645095836249,-0.9361517274444162,-0.18515114516176784,1.0,0.0,1.0,0.0
1589,-0.7767146268667919,-0.1642645095836249,1.282351234197446,0.9117820544758742,1.0,0.0,0.0,0.0
1590,2.8986318491997505,6.087742279417393,-0.4924511351160437,0.2849630832543645,0.0,1.0,1.0,0.0
1591,0.057988731133238214,-0.1642645095836249,-0.04875054278767131,0.5983725688651194,0.0,0.0,1.0,0.0
1592,-0.3966717623825391,-0.1642645095836249,-0.04875054278767131,-0.028446402356390392,0.0,1.0,0.0,0.0
1593,1.9084237078323696,-0.1642645095836249,-0.9361517274444162,1.6953057685027615,1.0,0.0,1.0,0.0
1594,-0.12471825492053619,-0.1642645095836249,1.7260518265258185,1.3818962828920065,0.0,0.0,1.0,0.0
1595,-0.2635043041430826,-0.1642645095836249,-1.823552912101161,-0.028446402356390392,0.0,1.0,0.0,0.0
1596,-0.9789153828557994,-0.1642645095836249,-0.04875054278767131,-0.968674859188655,1.0,0.0,1.0,0.0
1597,-0.5993521541871762,-0.1642645095836249,-1.3798523197727885,-0.8119701163832775,0.0,1.0,1.0,0.0
1598,0.334258960935908,-0.1642645095836249,0.3949500495407011,-0.6552653735779002,0.0,1.0,1.0,0.0
1599,1.3946994895919143,-0.1642645095836249,-0.4924511351160437,-0.6552653735779002,0.0,1.0,1.0,0.0
1600,0.2476846962147588,-0.1642645095836249,-0.4924511351160437,-0.028446402356390392,0.0,0.0,1.0,0.0
1601,-0.9821357947607412,6.087742279417393,0.8386506418690736,0.12825834044898704,0.0,0.0,1.0,0.0
1602,-0.33729970034781365,-0.1642645095836249,0.3949500495407011,0.2849630832543645,1.0,0.0,1.0,0.0
1603,-0.6446434790630603,-0.1642645095836249,-0.04875054278767131,0.4416678260597419,0.0,0.0,1.0,0.0
1604,0.022461421075528818,-0.1642645095836249,0.3949500495407011,0.2849630832543645,1.0,0.0,1.0,0.0
1605,1.106404104697387,-0.1642645095836249,2.169752418854191,0.9117820544758742,1.0,0.0,0.0,0.0
1606,1.5766185025200112,-0.1642645095836249,0.3949500495407011,1.3818962828920065,0.0,1.0,1.0,0.0
1607,-0.5988039989693138,-0.1642645095836249,-0.4924511351160437,-0.028446402356390392,1.0,0.0,1.0,0.0
1608,-0.6897977651344788,-0.1642645095836249,0.8386506418690736,0.5983725688651194,0.0,1.0,1.0,0.0
1609,3.884146411514184,-0.1642645095836249,-0.9361517274444162,1.3818962828920065,0.0,0.0,1.0,0.0
1610,-0.5311753489655352,-0.1642645095836249,-0.04875054278767131,0.2849630832543645,0.0,1.0,1.0,0.0
1611,-0.8964180225675022,-0.1642645095836249,-1.3798523197727885,0.12825834044898704,1.0,0.0,0.0,0.0
1612,-0.9343777714044761,-0.1642645095836249,-0.4924511351160437,0.12825834044898704,1.0,0.0,1.0,0.0
1613,-0.6663983892719759,-0.1642645095836249,-0.04875054278767131,-0.3418558879671453,0.0,1.0,1.0,0.0
1614,-0.6212098434994411,-0.1642645095836249,0.3949500495407011,-2.692427030047807,0.0,1.0,1.0,0.0
1615,0.22695757703933525,-0.1642645095836249,1.282351234197446,-0.8119701163832775,0.0,1.0,1.0,0.0
1616,-0.9005291867014704,-0.1642645095836249,0.3949500495407011,-2.692427030047807,0.0,1.0,0.0,0.0
1617,-0.8002510415337605,-0.1642645095836249,0.3949500495407011,1.2251915400866291,1.0,0.0,0.0,0.0
1618,-0.6469731387389757,-0.1642645095836249,-0.04875054278767131,0.5983725688651194,0.0,0.0,1.0,0.0
1619,-0.845165509697364,-0.1642645095836249,-0.9361517274444162,0.12825834044898704,0.0,1.0,0.0,0.0
1620,-0.31091973048818367,-0.1642645095836249,-1.823552912101161,1.2251915400866291,1.0,0.0,1.0,0.0
1621,-0.8914161062045075,-0.1642645095836249,1.7260518265258185,-0.028446402356390392,0.0,0.0,1.0,0.0
1622,-0.49122853746380996,-0.1642645095836249,1.282351234197446,0.7550773116704967,0.0,1.0,1.0,0.0
1623,-0.33651172722213635,-0.1642645095836249,1.282351234197446,0.12825834044898704,0.0,1.0,1.0,0.0
1624,0.38677908274735295,-0.1642645095836249,-0.4924511351160437,0.2849630832543645,1.0,0.0,0.0,0.0
1625,3.6398062231520014,-0.1642645095836249,-0.04875054278767131,-0.6552653735779002,1.0,0.0,0.0,0.0
1626,-0.9570919532446509,-0.1642645095836249,2.169752418854191,-0.6552653735779002,0.0,0.0,1.0,0.0
1627,0.34638689513111437,-0.1642645095836249,-0.4924511351160437,-2.8491317728531844,0.0,0.0,1.0,0.0
1628,-0.6010993989441128,-0.1642645095836249,-0.9361517274444162,0.9117820544758742,0.0,1.0,1.0,0.0
1629,0.2761545078424893,-0.1642645095836249,-1.3798523197727885,0.2849630832543645,1.0,0.0,1.0,0.0
1630,-0.5921918766538481,-0.1642645095836249,0.3949500495407011,1.5386010256973839,0.0,0.0,1.0,0.0
1631,-0.9609632994708044,-0.1642645095836249,-0.04875054278767131,-2.8491317728531844,0.0,0.0,1.0,0.0
1632,-0.03612266783351931,-0.1642645095836249,-0.9361517274444162,-0.6552653735779002,0.0,0.0,1.0,0.0
1633,1.9772171876741054,-0.1642645095836249,-0.04875054278767131,-0.3418558879671453,0.0,1.0,1.0,0.0
1634,5.017971219961525,-0.1642645095836249,0.8386506418690736,0.5983725688651194,0.0,0.0,1.0,0.0
1635,-0.8820974675008459,-0.1642645095836249,0.8386506418690736,-1.5954938304101647,0.0,0.0,0.0,0.0
1636,-0.5913011244248216,-0.1642645095836249,0.3949500495407011,-0.18515114516176784,0.0,1.0,0.0,0.0
1637,0.1741976373200755,-0.1642645095836249,0.3949500495407011,-1.28208434479941,0.0,1.0,1.0,0.0
1638,-0.5796528260452448,-0.1642645095836249,0.8386506418690736,1.2251915400866291,0.0,0.0,1.0,0.0
1639,0.0799491995488523,-0.1642645095836249,-0.04875054278767131,0.2849630832543645,0.0,1.0,1.0,0.0
1640,-1.0147167705224398,-0.1642645095836249,0.8386506418690736,-0.968674859188655,0.0,0.0,1.0,0.0
1641,-0.8464673783397874,-0.1642645095836249,2.169752418854191,1.5386010256973839,1.0,0.0,1.0,0.0
1642,0.2958538359844207,-0.1642645095836249,0.3949500495407011,-0.028446402356390392,0.0,1.0,0.0,0.0
1643,-0.975215335135228,-0.1642645095836249,-0.4924511351160437,0.12825834044898704,1.0,0.0,1.0,0.0
1644,0.11016625593351927,-0.1642645095836249,-0.04875054278767131,-0.968674859188655,0.0,1.0,1.0,0.0
1645,2.3439330284240776,-0.1642645095836249,-0.04875054278767131,-0.6552653735779002,0.0,1.0,1.0,0.0
1646,-0.879802067526047,-0.1642645095836249,-0.04875054278767131,-0.6552653735779002,0.0,0.0,1.0,0.0
1647,-0.679519854799558,-0.1642645095836249,1.282351234197446,-0.6552653735779002,0.0,1.0,0.0,0.0
1648,-0.5035962895668313,-0.1642645095836249,-0.4924511351160437,0.7550773116704967,0.0,0.0,1.0,0.0
1649,-0.9184812700864654,-0.1642645095836249,0.3949500495407011,-0.028446402356390392,0.0,1.0,1.0,0.0
1650,-0.8333801725133216,-0.1642645095836249,0.8386506418690736,-2.8491317728531844,0.0,0.0,1.0,0.0
1651,-0.9570234338424182,-0.1642645095836249,1.282351234197446,0.2849630832543645,0.0,0.0,1.0,0.0
1652,1.1520722862855517,-0.1642645095836249,0.3949500495407011,0.2849630832543645,0.0,1.0,1.0,0.0
1653,-0.7415299138202466,-0.1642645095836249,-0.04875054278767131,0.7550773116704967,0.0,0.0,1.0,0.0
1654,-0.7319371975076538,-0.1642645095836249,-0.9361517274444162,-0.18515114516176784,0.0,1.0,1.0,0.0
1655,0.38647074543730525,-0.1642645095836249,0.3949500495407011,-0.6552653735779002,0.0,0.0,0.0,0.0
1656,-0.42795086950181455,-0.1642645095836249,-0.04875054278767131,-1.28208434479941,0.0,0.0,1.0,0.0
1657,-0.5403226891636148,-0.1642645095836249,0.8386506418690736,0.12825834044898704,0.0,0.0,1.0,0.0
1658,-0.45237803639780955,-0.1642645095836249,-0.4924511351160437,-1.5954938304101647,1.0,0.0,1.0,0.0
1659,-0.8352644560747238,-0.1642645095836249,2.169752418854191,1.2251915400866291,0.0,0.0,0.0,0.0
1660,-0.0407819871853501,-0.1642645095836249,0.3949500495407011,0.7550773116704967,0.0,0.0,1.0,0.0
1661,0.8044390990574156,-0.1642645095836249,1.282351234197446,0.12825834044898704,0.0,0.0,1.0,0.0
1662,-0.012826071074365586,-0.1642645095836249,-1.3798523197727885,1.3818962828920065,0.0,1.0,1.0,0.0
1663,-0.9238257834606242,-0.1642645095836249,1.7260518265258185,0.2849630832543645,1.0,0.0,1.0,0.0
1664,-0.09330210899679506,-0.1642645095836249,0.3949500495407011,1.3818962828920065,0.0,0.0,1.0,0.0
1665,-0.6335775956024623,-0.1642645095836249,1.282351234197446,1.2251915400866291,0.0,1.0,1.0,0.0
1666,0.7140962672134622,-0.1642645095836249,-0.9361517274444162,0.5983725688651194,1.0,0.0,1.0,0.0
1667,-0.3105428737759033,-0.1642645095836249,0.8386506418690736,0.2849630832543645,1.0,0.0,1.0,0.0
1668,0.18283108200140885,-0.1642645095836249,-0.9361517274444162,1.2251915400866291,0.0,0.0,1.0,0.0
1669,-0.1232108280714145,-0.1642645095836249,-0.4924511351160437,0.12825834044898704,1.0,0.0,1.0,0.0
1670,-0.8615416468310044,-0.1642645095836249,0.3949500495407011,0.12825834044898704,1.0,0.0,1.0,0.0
1671,-0.926189702837656,-0.1642645095836249,-1.823552912101161,0.2849630832543645,1.0,0.0,0.0,0.0
1672,3.618976324873229,-0.1642645095836249,-0.9361517274444162,-2.0656080588262973,1.0,0.0,1.0,0.0
1673,0.11670985884675222,-0.1642645095836249,0.3949500495407011,-0.6552653735779002,0.0,0.0,1.0,0.0
1674,1.2688293476902515,-0.1642645095836249,0.3949500495407011,1.3818962828920065,0.0,0.0,0.0,0.0
1675,-0.8487970380157027,-0.1642645095836249,-1.3798523197727885,0.12825834044898704,0.0,0.0,1.0,0.0
1676,0.885429032496591,-0.1642645095836249,-0.4924511351160437,0.4416678260597419,0.0,0.0,1.0,0.0
1677,-0.7178564603488125,-0.1642645095836249,0.3949500495407011,-0.028446402356390392,0.0,1.0,0.0,0.0
1678,1.536055016398191,-0.1642645095836249,1.282351234197446,0.5983725688651194,0.0,0.0,1.0,0.0
1679,-0.789150898372046,-0.1642645095836249,0.3949500495407011,0.7550773116704967,0.0,1.0,1.0,0.0
1680,-0.6987738068269762,-0.1642645095836249,0.8386506418690736,-0.18515114516176784,0.0,0.0,1.0,0.0
1681,-0.7656487434061938,-0.1642645095836249,-1.3798523197727885,-0.028446402356390392,1.0,0.0,1.0,0.0
1682,-0.8786372376880893,-0.1642645095836249,-0.9361517274444162,1.2251915400866291,1.0,0.0,0.0,0.0
1683,-0.36169260754269217,-0.1642645095836249,-0.4924511351160437,-0.18515114516176784,0.0,1.0,0.0,0.0
1684,-0.021665073962397568,-0.1642645095836249,1.7260518265258185,0.5983725688651194,1.0,0.0,1.0,0.0
1685,-0.003884289082984686,-0.1642645095836249,-0.4924511351160437,-1.5954938304101647,1.0,0.0,1.0,0.0
1686,0.15158623458324977,-0.1642645095836249,-0.4924511351160437,-2.0656080588262973,1.0,0.0,0.0,0.0
1687,-0.6823976696933358,-0.1642645095836249,-0.04875054278767131,-0.968674859188655,0.0,1.0,1.0,0.0
1688,-0.6451573745798064,-0.1642645095836249,-0.4924511351160437,-0.028446402356390392,0.0,1.0,1.0,0.0
1689,-0.9252989506086295,-0.1642645095836249,-1.3798523197727885,-0.8119701163832775,0.0,1.0,0.0,0.0
1690,-0.9778190724200745,-0.1642645095836249,1.282351234197446,-0.18515114516176784,1.0,0.0,1.0,0.0
1691,-0.30793913649105664,-0.1642645095836249,-0.4924511351160437,0.2849630832543645,0.0,1.0,0.0,0.0
1692,-0.9312601386028836,-0.1642645095836249,-0.4924511351160437,-0.028446402356390392,0.0,1.0,0.0,0.0
1693,-0.5824963812379063,-0.1642645095836249,-0.4924511351160437,-0.6552653735779002,0.0,0.0,1.0,0.0
1694,0.3236041938887068,-0.1642645095836249,0.8386506418690736,0.4416678260597419,0.0,0.0,1.0,0.0
1695,0.7654172994858331,-0.1642645095836249,0.3949500495407011,0.2849630832543645,1.0,0.0,0.0,0.0
1696,1.8917049736875646,-0.1642645095836249,-0.04875054278767131,0.2849630832543645,0.0,0.0,1.0,0.0
1697,-0.42856754412190984,-0.1642645095836249,0.3949500495407011,-0.8119701163832775,0.0,1.0,1.0,0.0
1698,-0.11015788194606514,-0.1642645095836249,0.8386506418690736,-0.028446402356390392,0.0,0.0,1.0,0.0
1699,-0.49763510157257723,-0.1642645095836249,-0.4924511351160437,0.9117820544758742,1.0,0.0,1.0,0.0
1700,-0.9471566399208943,-0.1642645095836249,-0.4924511351160437,-1.5954938304101647,1.0,0.0,1.0,0.0
1701,-0.6373804224263829,-0.1642645095836249,-0.04875054278767131,0.4416678260597419,0.0,0.0,1.0,0.0
1702,0.08299831294821207,-0.1642645095836249,-0.9361517274444162,-0.028446402356390392,1.0,0.0,0.0,0.0
1703,3.416432971873057,-0.1642645095836249,-0.9361517274444162,-1.7521985732155423,1.0,0.0,0.0,0.0
1704,-0.5098658148711329,-0.1642645095836249,-0.04875054278767131,-0.028446402356390392,1.0,0.0,1.0,0.0
1705,-0.9713097292079581,-0.1642645095836249,-0.04875054278767131,-1.5954938304101647,1.0,0.0,1.0,0.0
1706,3.379295455862877,-0.1642645095836249,-1.3798523197727885,0.12825834044898704,0.0,0.0,1.0,0.0
1707,0.9206822649453694,-0.1642645095836249,0.8386506418690736,1.3818962828920065,0.0,0.0,0.0,0.0
1708,-0.31205030062502503,-0.1642645095836249,-0.04875054278767131,-0.18515114516176784,0.0,0.0,1.0,0.0
1709,-0.3996523563796661,-0.1642645095836249,-0.4924511351160437,-0.028446402356390392,1.0,0.0,1.0,0.0
1710,-0.7526643166830773,-0.1642645095836249,-2.2672535044295334,-1.7521985732155423,1.0,0.0,1.0,0.0
1711,0.07306299962445542,-0.1642645095836249,-0.9361517274444162,-1.7521985732155423,1.0,0.0,0.0,0.0
1712,0.9788209777399042,-0.1642645095836249,0.3949500495407011,-0.6552653735779002,0.0,1.0,0.0,0.0
1713,-0.6746207175399125,-0.1642645095836249,-0.4924511351160437,0.5983725688651194,0.0,1.0,1.0,0.0
1714,1.0005416282477033,-0.1642645095836249,1.282351234197446,1.3818962828920065,0.0,1.0,1.0,0.0
1715,-0.24551796105697132,6.087742279417393,-0.9361517274444162,0.9117820544758742,1.0,0.0,0.0,0.0
1716,1.2126434378593511,-0.1642645095836249,-1.3798523197727885,-0.6552653735779002,0.0,1.0,1.0,0.0
1717,-0.7421465884403418,6.087742279417393,-1.823552912101161,0.2849630832543645,0.0,1.0,1.0,0.0
1718,-0.36213798365720545,-0.1642645095836249,-0.04875054278767131,-0.028446402356390392,1.0,0.0,1.0,0.0
1719,0.024517003142513046,-0.1642645095836249,-0.4924511351160437,-0.028446402356390392,1.0,0.0,0.0,0.0
1720,-0.3291116317809934,-0.1642645095836249,-0.9361517274444162,1.2251915400866291,0.0,1.0,1.0,0.0
1721,-0.9905979409364927,-0.1642645095836249,-0.9361517274444162,1.2251915400866291,0.0,0.0,1.0,0.0
1722,0.4741070608930629,-0.1642645095836249,-1.823552912101161,0.2849630832543645,1.0,0.0,1.0,0.0
1723,1.5267706373956458,-0.1642645095836249,-0.4924511351160437,-0.18515114516176784,0.0,1.0,0.0,0.0
1724,-0.9638068546634659,-0.1642645095836249,0.8386506418690736,0.2849630832543645,0.0,0.0,1.0,0.0
1725,-0.02306972170816996,-0.1642645095836249,-0.4924511351160437,-1.28208434479941,0.0,1.0,1.0,0.0
1726,-0.7258389707089341,-0.1642645095836249,-0.04875054278767131,-0.6552653735779002,0.0,0.0,1.0,0.0
1727,0.88429846235975,-0.1642645095836249,-0.4924511351160437,0.2849630832543645,1.0,0.0,0.0,0.0
1728,-0.8824058048108935,-0.1642645095836249,0.3949500495407011,0.9117820544758742,1.0,0.0,1.0,0.0
1729,-0.7694173105289982,-0.1642645095836249,-1.823552912101161,-0.6552653735779002,0.0,1.0,0.0,0.0
1730,0.16624938666107014,-0.1642645095836249,1.282351234197446,-0.3418558879671453,1.0,0.0,1.0,0.0
1731,-1.012935266064387,-0.1642645095836249,-1.3798523197727885,0.12825834044898704,1.0,0.0,1.0,0.0
1732,-0.1530167680426846,-0.1642645095836249,-0.04875054278767131,-2.692427030047807,0.0,0.0,1.0,0.0
1733,-0.20231647794918783,-0.1642645095836249,-0.04875054278767131,-0.18515114516176784,0.0,0.0,1.0,0.0
1734,2.4448621079129995,-0.1642645095836249,-0.9361517274444162,1.2251915400866291,1.0,0.0,1.0,0.0
1735,-0.8184429428265702,-0.1642645095836249,-1.3798523197727885,-0.18515114516176784,1.0,0.0,1.0,0.0
1736,-0.9936470543358524,6.087742279417393,0.3949500495407011,-0.6552653735779002,0.0,0.0,1.0,0.0
1737,0.8318468599505375,-0.1642645095836249,1.282351234197446,0.5983725688651194,1.0,0.0,1.0,0.0
1738,-0.1146116430911975,-0.1642645095836249,-0.9361517274444162,-1.28208434479941,0.0,0.0,1.0,0.0
1739,-0.16939290517632502,-0.1642645095836249,-1.823552912101161,-0.6552653735779002,0.0,0.0,1.0,0.0
1740,-0.9361592758625291,-0.1642645095836249,0.8386506418690736,-0.028446402356390392,1.0,0.0,1.0,0.0
1741,0.4488576611702743,-0.1642645095836249,2.169752418854191,1.6953057685027615,0.0,0.0,1.0,0.0
1742,-0.616447745044261,-0.1642645095836249,0.3949500495407011,0.5983725688651194,1.0,0.0,0.0,0.0
1743,-0.45152154386989946,-0.1642645095836249,0.3949500495407011,-0.6552653735779002,0.0,1.0,1.0,0.0
1744,-0.028825351495725602,-0.1642645095836249,0.3949500495407011,-1.28208434479941,0.0,0.0,1.0,0.0
1745,-0.589964996081282,-0.1642645095836249,0.8386506418690736,1.5386010256973839,0.0,0.0,1.0,0.0
1746,0.025990170290518377,-0.1642645095836249,-0.9361517274444162,0.12825834044898704,0.0,1.0,1.0,0.0
1747,0.7170768612105892,-0.1642645095836249,-0.04875054278767131,0.5983725688651194,1.0,0.0,0.0,0.0
1748,0.7075526643002295,-0.1642645095836249,-1.823552912101161,-1.28208434479941,1.0,0.0,0.0,0.0
1749,-0.8753483063809147,-0.1642645095836249,0.8386506418690736,0.4416678260597419,1.0,0.0,1.0,0.0
1750,1.0609757410170373,-0.1642645095836249,-0.04875054278767131,-1.28208434479941,0.0,0.0,1.0,0.0
1751,-0.7047007351201139,-0.1642645095836249,1.282351234197446,0.12825834044898704,0.0,1.0,1.0,0.0
1752,0.01999472259514794,-0.1642645095836249,-0.04875054278767131,-0.6552653735779002,1.0,0.0,1.0,0.0
1753,1.2716729028829126,-0.1642645095836249,-0.04875054278767131,0.2849630832543645,0.0,0.0,1.0,0.0
1754,-0.0926854343766998,-0.1642645095836249,0.3949500495407011,-0.968674859188655,0.0,0.0,0.0,0.0
1755,-0.17014661860088587,-0.1642645095836249,-0.04875054278767131,-0.18515114516176784,1.0,0.0,1.0,0.0
1756,-0.9007690046092852,-0.1642645095836249,0.3949500495407011,0.12825834044898704,0.0,1.0,1.0,0.0
1757,0.09742164711821744,-0.1642645095836249,-0.4924511351160437,-0.18515114516176784,0.0,1.0,0.0,0.0
1758,-0.5116130596280695,-0.1642645095836249,-0.4924511351160437,0.9117820544758742,0.0,0.0,1.0,0.0
1759,2.703111734928441,-0.1642645095836249,0.3949500495407011,-0.028446402356390392,0.0,1.0,1.0,0.0
1760,0.2617311736724839,-0.1642645095836249,-1.3798523197727885,-0.968674859188655,0.0,0.0,1.0,0.0
1761,-0.14818615018527187,-0.1642645095836249,-0.9361517274444162,-2.0656080588262973,0.0,1.0,1.0,0.0
1762,1.787966598707098,-0.1642645095836249,-0.9361517274444162,-0.6552653735779002,0.0,0.0,1.0,0.0
1763,-0.9715838068168893,-0.1642645095836249,0.8386506418690736,-0.028446402356390392,0.0,0.0,1.0,0.0
1764,-0.8237189367984962,-0.1642645095836249,-2.2672535044295334,-0.8119701163832775,0.0,0.0,1.0,0.0
1765,-0.052533064668276175,-0.1642645095836249,-2.2672535044295334,0.5983725688651194,0.0,1.0,1.0,0.0
1766,-0.8586638319372266,-0.1642645095836249,-0.9361517274444162,-0.6552653735779002,0.0,1.0,1.0,0.0
1767,0.6016216684483129,-0.1642645095836249,0.3949500495407011,0.5983725688651194,0.0,1.0,1.0,0.0
1768,-0.3584379359366339,-0.1642645095836249,1.7260518265258185,-0.968674859188655,0.0,0.0,1.0,0.0
1769,-0.4405926992137671,-0.1642645095836249,0.3949500495407011,-1.28208434479941,0.0,0.0,1.0,0.0
1770,-1.0133121227766675,-0.1642645095836249,-0.9361517274444162,-0.3418558879671453,0.0,1.0,1.0,0.0
1771,-0.8794252108137667,-0.1642645095836249,-0.4924511351160437,1.3818962828920065,0.0,0.0,1.0,0.0
1772,-0.7492040868703207,-0.1642645095836249,0.8386506418690736,-0.968674859188655,0.0,1.0,1.0,0.0
1773,-0.4372352485043597,-0.1642645095836249,-0.04875054278767131,-0.028446402356390392,0.0,0.0,0.0,0.0
1774,-0.9585993800937727,-0.1642645095836249,0.8386506418690736,0.12825834044898704,1.0,0.0,1.0,0.0
1775,0.6475639276454087,-0.1642645095836249,0.8386506418690736,-0.968674859188655,0.0,0.0,0.0,0.0
1776,-0.5120584357425827,-0.1642645095836249,-0.4924511351160437,-0.6552653735779002,1.0,0.0,1.0,0.0
1777,-0.45590678561279896,-0.1642645095836249,-1.3798523197727885,-1.5954938304101647,0.0,0.0,1.0,0.0
1778,1.450200205400486,-0.1642645095836249,-0.04875054278767131,-0.18515114516176784,0.0,0.0,1.0,0.0
1779,-0.09898921938211795,-0.1642645095836249,-0.04875054278767131,-0.6552653735779002,0.0,0.0,1.0,0.0
1780,1.1639604025729435,-0.1642645095836249,-0.04875054278767131,-0.18515114516176784,0.0,0.0,1.0,0.0
1781,-0.27693410698071247,-0.1642645095836249,0.3949500495407011,0.9117820544758742,0.0,1.0,0.0,0.0
1782,0.41257663768800396,-0.1642645095836249,0.3949500495407011,1.5386010256973839,0.0,0.0,1.0,0.0
1783,-0.01906133667755101,-0.1642645095836249,-0.04875054278767131,0.5983725688651194,0.0,0.0,0.0,0.0
1784,-0.1582585023134942,-0.1642645095836249,1.282351234197446,1.2251915400866291,0.0,0.0,1.0,0.0
1785,-0.3872503445755284,-0.1642645095836249,-0.4924511351160437,-0.6552653735779002,0.0,1.0,1.0,0.0
1786,-0.9038866374108779,-0.1642645095836249,-1.823552912101161,0.2849630832543645,0.0,1.0,1.0,0.0
1787,-0.1512010038835153,-0.1642645095836249,-0.4924511351160437,0.5983725688651194,0.0,0.0,1.0,0.0
1788,4.504384040525534,-0.1642645095836249,0.3949500495407011,1.5386010256973839,0.0,0.0,1.0,0.0
1789,-0.544433853297583,-0.1642645095836249,-0.04875054278767131,0.12825834044898704,1.0,0.0,0.0,0.0
1790,-0.8737381004284437,-0.1642645095836249,-0.4924511351160437,0.12825834044898704,0.0,1.0,1.0,0.0
1791,1.3127160248203629,-0.1642645095836249,1.282351234197446,0.2849630832543645,1.0,0.0,1.0,0.0
1792,-0.8351274172702582,-0.1642645095836249,-0.4924511351160437,-1.28208434479941,1.0,0.0,1.0,0.0
1793,-0.9815533798417625,-0.1642645095836249,0.3949500495407011,1.3818962828920065,1.0,0.0,1.0,0.0
1794,-0.8900114584587349,-0.1642645095836249,-0.4924511351160437,0.12825834044898704,1.0,0.0,1.0,0.0
1795,0.5193298663667142,-0.1642645095836249,-0.4924511351160437,0.4416678260597419,0.0,1.0,1.0,0.0
1796,2.8716694644211413,-0.1642645095836249,-1.823552912101161,-0.028446402356390392,0.0,0.0,1.0,0.0
1797,2.13168442853455e-05,-0.1642645095836249,-0.04875054278767131,-0.6552653735779002,0.0,1.0,1.0,0.0
1798,1.3229596754541673,-0.1642645095836249,-0.04875054278767131,-0.6552653735779002,1.0,0.0,1.0,0.0
1799,-0.9462316279907514,-0.1642645095836249,-0.4924511351160437,0.2849630832543645,0.0,1.0,0.0,0.0
1800,0.06285360869176743,-0.1642645095836249,-0.4924511351160437,0.9117820544758742,0.0,0.0,1.0,0.0
1801,0.11554502900879443,-0.1642645095836249,-1.3798523197727885,-0.968674859188655,1.0,0.0,1.0,0.0
1802,-0.2529523161992307,-0.1642645095836249,-0.04875054278767131,0.2849630832543645,1.0,0.0,0.0,0.0
1803,-0.2794350651622098,-0.1642645095836249,-0.04875054278767131,0.2849630832543645,0.0,0.0,1.0,0.0
1804,-0.9598669890350795,-0.1642645095836249,-0.4924511351160437,-1.5954938304101647,0.0,0.0,1.0,0.0
1805,0.665721569237102,-0.1642645095836249,-0.4924511351160437,-0.6552653735779002,0.0,1.0,1.0,0.0
1806,0.17991900740651476,-0.1642645095836249,-1.823552912101161,-0.028446402356390392,0.0,1.0,0.0,0.0
1807,-0.27244608613446375,-0.1642645095836249,-0.4924511351160437,-0.028446402356390392,1.0,0.0,1.0,0.0
1808,-0.022281748582492836,-0.1642645095836249,1.282351234197446,-2.0656080588262973,1.0,0.0,1.0,0.0
1809,0.4266916345479618,-0.1642645095836249,-0.9361517274444162,-2.8491317728531844,1.0,0.0,0.0,0.0
1810,1.0812917437790643,-0.1642645095836249,-0.9361517274444162,1.2251915400866291,0.0,0.0,1.0,0.0
1811,-0.7666080150374532,-0.1642645095836249,-0.9361517274444162,-0.6552653735779002,0.0,1.0,1.0,0.0
1812,-0.7888768207631148,-0.1642645095836249,1.282351234197446,0.5983725688651194,0.0,1.0,1.0,0.0
1813,-0.9273202729744972,-0.1642645095836249,-0.4924511351160437,-0.18515114516176784,0.0,0.0,1.0,0.0
1814,-0.9568521353368361,-0.1642645095836249,0.3949500495407011,0.2849630832543645,0.0,1.0,1.0,0.0
1815,0.06970554891504792,-0.1642645095836249,-1.3798523197727885,1.5386010256973839,0.0,0.0,1.0,0.0
1816,-0.40499686975382493,-0.1642645095836249,-0.4924511351160437,0.2849630832543645,0.0,1.0,1.0,0.0
1817,2.1287478457119535,-0.1642645095836249,-0.9361517274444162,0.2849630832543645,0.0,1.0,1.0,0.0
1818,-0.9718578844258204,-0.1642645095836249,-0.9361517274444162,1.5386010256973839,0.0,0.0,1.0,0.0
1819,0.23240486951684336,-0.1642645095836249,1.282351234197446,-2.692427030047807,0.0,0.0,1.0,0.0
1820,-0.11649592665259967,-0.1642645095836249,0.8386506418690736,-1.5954938304101647,1.0,0.0,1.0,0.0
1821,-0.831804226261967,-0.1642645095836249,-0.4924511351160437,-2.8491317728531844,1.0,0.0,1.0,0.0
1822,-0.5348068772838739,-0.1642645095836249,0.3949500495407011,-1.28208434479941,0.0,1.0,1.0,0.0
1823,-0.9120061865754654,-0.1642645095836249,-1.3798523197727885,1.2251915400866291,0.0,0.0,1.0,0.0
1824,-0.6981228725057647,-0.1642645095836249,-1.3798523197727885,-0.028446402356390392,0.0,1.0,1.0,0.0
1825,-0.999985099042387,-0.1642645095836249,0.3949500495407011,1.2251915400866291,1.0,0.0,1.0,0.0
1826,-0.4083885801643488,-0.1642645095836249,-0.4924511351160437,1.2251915400866291,0.0,1.0,1.0,0.0
1827,-0.5847575215115888,-0.1642645095836249,-0.9361517274444162,0.2849630832543645,0.0,0.0,1.0,0.0
1828,-0.8959041270507563,-0.1642645095836249,-0.9361517274444162,-0.8119701163832775,1.0,0.0,1.0,0.0
1829,-0.7051461112346271,-0.1642645095836249,1.282351234197446,0.9117820544758742,1.0,0.0,1.0,0.0
1830,-0.3380534137723745,-0.1642645095836249,0.8386506418690736,-0.6552653735779002,0.0,1.0,1.0,0.0
1831,-0.54741444729471,-0.1642645095836249,-0.9361517274444162,0.5983725688651194,1.0,0.0,1.0,0.0
1832,-0.5506005994985355,-0.1642645095836249,0.3949500495407011,0.5983725688651194,1.0,0.0,0.0,0.0
1833,-0.5636535456238848,-0.1642645095836249,-0.4924511351160437,-0.968674859188655,1.0,0.0,1.0,0.0
1834,-1.015641782452583,-0.1642645095836249,-0.04875054278767131,-0.18515114516176784,1.0,0.0,1.0,0.0
1835,-0.14133420996199147,-0.1642645095836249,0.3949500495407011,0.2849630832543645,1.0,0.0,1.0,0.0
1836,-0.8273162054157184,6.087742279417393,-0.9361517274444162,0.2849630832543645,1.0,0.0,1.0,0.0
1837,-0.6149403181951394,-0.1642645095836249,1.7260518265258185,1.6953057685027615,0.0,0.0,1.0,0.0
1838,-0.547243148789128,-0.1642645095836249,-1.3798523197727885,-0.968674859188655,0.0,1.0,0.0,0.0
1839,1.7684385690707485,-0.1642645095836249,1.282351234197446,0.2849630832543645,0.0,0.0,0.0,0.0
1840,-0.20426928091282276,-0.1642645095836249,-0.4924511351160437,-0.8119701163832775,0.0,0.0,1.0,0.0
1841,1.3271050992892521,-0.1642645095836249,0.8386506418690736,0.2849630832543645,0.0,0.0,1.0,0.0
1842,1.9906127308106192,-0.1642645095836249,0.8386506418690736,-0.8119701163832775,0.0,0.0,1.0,0.0
1843,-0.07206109430462555,-0.1642645095836249,1.282351234197446,-0.028446402356390392,1.0,0.0,1.0,0.0
1844,-0.9895701499030005,-0.1642645095836249,0.8386506418690736,-1.28208434479941,0.0,0.0,1.0,0.0
1845,1.1644400383885731,-0.1642645095836249,-0.04875054278767131,0.12825834044898704,0.0,1.0,1.0,0.0
1846,-0.666158571364161,-0.1642645095836249,-0.4924511351160437,-0.028446402356390392,1.0,0.0,1.0,0.0
1847,0.712623100065457,-0.1642645095836249,-0.04875054278767131,0.4416678260597419,1.0,0.0,1.0,0.0
1848,0.25443385733469015,-0.1642645095836249,-0.4924511351160437,0.7550773116704967,0.0,0.0,1.0,0.0
1849,-0.9706930545878628,-0.1642645095836249,-0.4924511351160437,-0.6552653735779002,1.0,0.0,1.0,0.0
1850,-0.974461621710667,-0.1642645095836249,1.282351234197446,0.2849630832543645,1.0,0.0,1.0,0.0
1851,-0.4442584872332222,-0.1642645095836249,-0.4924511351160437,0.5983725688651194,0.0,0.0,1.0,0.0
1852,-0.7694173105289982,-0.1642645095836249,2.169752418854191,0.5983725688651194,0.0,0.0,1.0,0.0
1853,-0.3292144108843426,-0.1642645095836249,0.3949500495407011,-1.5954938304101647,0.0,1.0,0.0,0.0
1854,-0.5046240806003233,-0.1642645095836249,-0.9361517274444162,-0.6552653735779002,0.0,1.0,1.0,0.0
1855,-0.9383518967339789,-0.1642645095836249,-1.3798523197727885,-0.3418558879671453,0.0,0.0,1.0,0.0
1856,-0.8496535305436128,-0.1642645095836249,-2.2672535044295334,0.2849630832543645,1.0,0.0,1.0,0.0
1857,1.4475964681156395,-0.1642645095836249,1.282351234197446,0.9117820544758742,0.0,0.0,0.0,0.0
1858,-0.5573155009173504,-0.1642645095836249,0.8386506418690736,1.5386010256973839,0.0,1.0,1.0,0.0
1859,-0.6188116644212929,-0.1642645095836249,-0.04875054278767131,1.3818962828920065,0.0,0.0,1.0,0.0
1860,-0.9816561589451116,-0.1642645095836249,0.8386506418690736,0.12825834044898704,0.0,0.0,1.0,0.0
1861,-0.7170684872231351,-0.1642645095836249,1.282351234197446,0.5983725688651194,0.0,1.0,0.0,0.0
1862,-0.9996425020312228,-0.1642645095836249,-0.04875054278767131,0.5983725688651194,0.0,0.0,1.0,0.0
1863,-0.6650280012273198,-0.1642645095836249,-0.4924511351160437,-1.28208434479941,0.0,0.0,1.0,0.0
1864,-0.4825608330813601,-0.1642645095836249,0.8386506418690736,1.3818962828920065,0.0,0.0,1.0,0.0
1865,0.7110471538141024,-0.1642645095836249,0.3949500495407011,-2.692427030047807,0.0,0.0,1.0,0.0
1866,-0.9131367567123065,-0.1642645095836249,-0.4924511351160437,0.2849630832543645,0.0,0.0,1.0,0.0
1867,-0.9934757558302704,-0.1642645095836249,-0.4924511351160437,0.2849630832543645,0.0,0.0,1.0,0.0
1868,-0.07343148234928158,-0.1642645095836249,-0.4924511351160437,-2.692427030047807,0.0,0.0,0.0,0.0
1869,-0.5201437252060537,-0.1642645095836249,0.8386506418690736,0.5983725688651194,0.0,0.0,1.0,0.0
1870,0.2461430096645207,-0.1642645095836249,1.282351234197446,0.5983725688651194,0.0,1.0,1.0,0.0
1871,0.8950902682114167,-0.1642645095836249,1.7260518265258185,-0.028446402356390392,0.0,0.0,1.0,0.0
1872,0.4507076850305599,-0.1642645095836249,-0.04875054278767131,-0.6552653735779002,1.0,0.0,1.0,0.0
1873,-0.8936772464781899,-0.1642645095836249,0.3949500495407011,1.2251915400866291,1.0,0.0,1.0,0.0
1874,-0.7484161137446435,-0.1642645095836249,0.3949500495407011,-2.692427030047807,0.0,1.0,0.0,0.0
1875,-0.5656748679897526,-0.1642645095836249,0.8386506418690736,1.3818962828920065,1.0,0.0,1.0,0.0
1876,-0.5519709875431916,-0.1642645095836249,-1.823552912101161,1.3818962828920065,0.0,1.0,1.0,0.0
1877,-0.3214717184320357,-0.1642645095836249,0.3949500495407011,0.12825834044898704,1.0,0.0,1.0,0.0
1878,1.5531848669563921,-0.1642645095836249,-0.9361517274444162,0.12825834044898704,1.0,0.0,1.0,0.0
1879,-1.016669573486075,-0.1642645095836249,2.613453011182563,-0.028446402356390392,0.0,0.0,1.0,0.0
1880,-0.13845639506821356,-0.1642645095836249,-0.4924511351160437,1.5386010256973839,0.0,1.0,1.0,0.0
1881,1.6104328275219004,-0.1642645095836249,-0.04875054278767131,-0.028446402356390392,0.0,0.0,1.0,0.0
1882,-0.3950272967289518,-0.1642645095836249,-0.4924511351160437,-0.028446402356390392,0.0,1.0,1.0,0.0
1883,-0.3874216430811105,-0.1642645095836249,-0.04875054278767131,-2.692427030047807,0.0,1.0,0.0,0.0
1884,0.5266271827045079,-0.1642645095836249,0.8386506418690736,1.6953057685027615,0.0,0.0,1.0,0.0
1885,-0.5258650952924929,-0.1642645095836249,2.613453011182563,0.12825834044898704,1.0,0.0,1.0,0.0
1886,-0.7711645552859347,-0.1642645095836249,0.3949500495407011,1.6953057685027615,0.0,0.0,1.0,0.0
1887,-0.7656487434061938,-0.1642645095836249,-1.823552912101161,-0.6552653735779002,0.0,1.0,0.0,0.0
1888,-0.9436621504070213,-0.1642645095836249,-0.4924511351160437,0.4416678260597419,1.0,0.0,1.0,0.0
1889,1.6455832808673294,-0.1642645095836249,-0.04875054278767131,-0.028446402356390392,1.0,0.0,1.0,0.0
1890,1.6872088177237587,-0.1642645095836249,-0.9361517274444162,0.7550773116704967,0.0,1.0,1.0,0.0
1891,0.37252704708292944,-0.1642645095836249,-0.4924511351160437,0.7550773116704967,1.0,0.0,0.0,0.0
1892,1.6095763349939904,-0.1642645095836249,-0.9361517274444162,1.6953057685027615,0.0,0.0,1.0,0.0
1893,-1.0038564452685403,-0.1642645095836249,-0.04875054278767131,0.2849630832543645,0.0,1.0,0.0,0.0
1894,0.5147048067159997,-0.1642645095836249,-0.4924511351160437,0.2849630832543645,1.0,0.0,0.0,0.0
1895,-0.8493794529346815,-0.1642645095836249,0.3949500495407011,0.2849630832543645,0.0,1.0,1.0,0.0
1896,-0.7529041345908922,-0.1642645095836249,-2.2672535044295334,0.2849630832543645,1.0,0.0,0.0,0.0
1897,1.3884642239887288,-0.1642645095836249,-0.04875054278767131,-1.7521985732155423,0.0,0.0,1.0,0.0
1898,-0.5619748202691811,-0.1642645095836249,0.8386506418690736,0.2849630832543645,0.0,1.0,1.0,0.0
1899,1.9543659670294646,-0.1642645095836249,-0.04875054278767131,-0.028446402356390392,0.0,1.0,0.0,0.0
1900,-0.8384163485774327,-0.1642645095836249,0.3949500495407011,-0.18515114516176784,1.0,0.0,1.0,0.0
1901,-0.4062987383962482,-0.1642645095836249,0.3949500495407011,0.5983725688651194,0.0,0.0,1.0,0.0
1902,2.982876454244984,-0.1642645095836249,-0.9361517274444162,1.2251915400866291,0.0,1.0,0.0,0.0
1903,0.2964019912022832,-0.1642645095836249,-0.4924511351160437,1.6953057685027615,0.0,0.0,1.0,0.0
1904,-0.23976233126941568,-0.1642645095836249,-0.04875054278767131,0.5983725688651194,0.0,1.0,1.0,0.0
1905,-0.8796650287215815,-0.1642645095836249,-0.04875054278767131,-0.18515114516176784,0.0,0.0,1.0,0.0
1906,-0.9518502189738415,-0.1642645095836249,-0.4924511351160437,-0.6552653735779002,0.0,0.0,1.0,0.0
1907,0.6394443784808213,-0.1642645095836249,-0.9361517274444162,-0.028446402356390392,1.0,0.0,1.0,0.0
1908,0.6751429870441128,-0.1642645095836249,2.169752418854191,0.5983725688651194,0.0,1.0,1.0,0.0
1909,0.013279821176333122,-0.1642645095836249,-0.9361517274444162,0.12825834044898704,1.0,0.0,1.0,0.0
1910,-0.3374709988533956,-0.1642645095836249,0.8386506418690736,0.5983725688651194,0.0,1.0,1.0,0.0
1911,-0.8861058525314651,-0.1642645095836249,-0.9361517274444162,1.5386010256973839,0.0,1.0,1.0,0.0
1912,0.7480476310198173,-0.1642645095836249,0.3949500495407011,-0.3418558879671453,0.0,0.0,1.0,0.0
1913,-0.8758964615987771,-0.1642645095836249,-0.9361517274444162,0.12825834044898704,0.0,0.0,1.0,0.0
1914,-0.5473116681913608,-0.1642645095836249,-1.3798523197727885,0.9117820544758742,0.0,0.0,1.0,0.0
1915,-0.692881138234955,-0.1642645095836249,-0.9361517274444162,0.12825834044898704,0.0,1.0,1.0,0.0
1916,-0.70045253218168,-0.1642645095836249,1.282351234197446,0.5983725688651194,0.0,1.0,1.0,0.0
1917,3.8717443997100465,-0.1642645095836249,-0.04875054278767131,-0.18515114516176784,1.0,0.0,1.0,0.0
1918,-0.7477651794234319,-0.1642645095836249,-0.9361517274444162,-0.6552653735779002,0.0,1.0,0.0,0.0
1919,-0.756124546495834,-0.1642645095836249,1.282351234197446,0.12825834044898704,0.0,0.0,1.0,0.0
1920,-0.2188639135884102,-0.1642645095836249,0.3949500495407011,0.12825834044898704,0.0,1.0,1.0,0.0
1921,-0.9684319143141802,6.087742279417393,-0.9361517274444162,-0.6552653735779002,1.0,0.0,1.0,0.0
1922,-0.18988020644393375,-0.1642645095836249,0.3949500495407011,0.12825834044898704,0.0,0.0,1.0,0.0
1923,-0.5982215840503349,-0.1642645095836249,-0.4924511351160437,0.12825834044898704,0.0,1.0,1.0,0.0
1924,-0.5763981544391866,-0.1642645095836249,-0.4924511351160437,-0.6552653735779002,0.0,0.0,1.0,0.0
1925,-0.5456329428366571,-0.1642645095836249,-1.3798523197727885,-1.5954938304101647,0.0,1.0,1.0,0.0
1926,-0.8848725032912745,-0.1642645095836249,-0.04875054278767131,-2.692427030047807,0.0,1.0,1.0,0.0
1927,-0.704872033625696,6.087742279417393,-0.4924511351160437,0.2849630832543645,0.0,1.0,1.0,0.0
1928,-0.06815548837735572,-0.1642645095836249,-0.9361517274444162,-0.6552653735779002,1.0,0.0,1.0,0.0
1929,-0.6288840165495152,-0.1642645095836249,-1.3798523197727885,-2.692427030047807,0.0,0.0,1.0,0.0
1930,0.017253946505835702,-0.1642645095836249,-0.4924511351160437,-0.028446402356390392,1.0,0.0,0.0,0.0
1931,-0.9126913805977934,-0.1642645095836249,0.8386506418690736,1.3818962828920065,0.0,0.0,1.0,0.0
1932,-0.6327211030745523,-0.1642645095836249,0.8386506418690736,1.2251915400866291,0.0,1.0,0.0,0.0
1933,1.5234131866862382,-0.1642645095836249,0.8386506418690736,-0.028446402356390392,0.0,1.0,1.0,0.0
1934,-0.13975826371063685,-0.1642645095836249,-0.9361517274444162,1.3818962828920065,0.0,0.0,1.0,0.0
1935,0.27779897349607663,-0.1642645095836249,-0.4924511351160437,1.6953057685027615,0.0,0.0,1.0,0.0
1936,0.9398676975705545,-0.1642645095836249,-0.9361517274444162,-1.7521985732155423,0.0,1.0,1.0,0.0
1937,-0.9294101147425978,-0.1642645095836249,-0.4924511351160437,-0.028446402356390392,0.0,1.0,0.0,0.0
1938,-0.3152364528288504,-0.1642645095836249,2.613453011182563,-2.692427030047807,0.0,1.0,1.0,0.0
1939,0.8085845228925004,-0.1642645095836249,2.613453011182563,0.2849630832543645,0.0,1.0,1.0,0.0
1940,0.4488919208713907,-0.1642645095836249,-0.04875054278767131,-0.028446402356390392,1.0,0.0,1.0,0.0
1941,0.21798153534683798,-0.1642645095836249,-0.04875054278767131,-0.028446402356390392,0.0,0.0,1.0,0.0
1942,1.8489831263954106,-0.1642645095836249,0.3949500495407011,-0.6552653735779002,1.0,0.0,1.0,0.0
1943,-0.6178523927900336,-0.1642645095836249,-0.04875054278767131,0.2849630832543645,0.0,1.0,0.0,0.0
1944,-0.5561164113782763,-0.1642645095836249,-0.04875054278767131,0.2849630832543645,0.0,0.0,1.0,0.0
1945,-0.3854003207152427,-0.1642645095836249,-0.9361517274444162,-2.8491317728531844,1.0,0.0,1.0,0.0
1946,-0.6305627419042188,-0.1642645095836249,-0.04875054278767131,-0.8119701163832775,0.0,1.0,1.0,0.0
1947,0.19653496244796986,-0.1642645095836249,-0.4924511351160437,1.6953057685027615,0.0,1.0,1.0,0.0
1948,-0.25137636994787615,-0.1642645095836249,-1.3798523197727885,0.12825834044898704,1.0,0.0,1.0,0.0
1949,1.5057351809101747,-0.1642645095836249,-0.4924511351160437,-1.7521985732155423,0.0,0.0,1.0,0.0
1950,-0.2548023400595164,-0.1642645095836249,-0.04875054278767131,1.6953057685027615,0.0,0.0,1.0,0.0
1951,0.8896087160327922,-0.1642645095836249,-1.3798523197727885,-0.028446402356390392,0.0,0.0,1.0,0.0
1952,4.107656701597594,-0.1642645095836249,-1.823552912101161,0.5983725688651194,0.0,1.0,1.0,0.0
1953,-0.9255387685164443,-0.1642645095836249,1.282351234197446,0.2849630832543645,0.0,0.0,1.0,0.0
1954,0.04281168353867189,-0.1642645095836249,-0.4924511351160437,0.5983725688651194,1.0,0.0,1.0,0.0
1955,-0.7441679108062096,-0.1642645095836249,-0.4924511351160437,0.2849630832543645,0.0,1.0,1.0,0.0
1956,-0.9301295684660421,-0.1642645095836249,0.3949500495407011,0.5983725688651194,1.0,0.0,0.0,0.0
1957,1.8758769917717872,-0.1642645095836249,-0.04875054278767131,1.3818962828920065,1.0,0.0,0.0,0.0
1958,-0.8149141936115807,-0.1642645095836249,-0.04875054278767131,0.12825834044898704,0.0,0.0,1.0,0.0
1959,1.5799759532294186,-0.1642645095836249,0.8386506418690736,-0.028446402356390392,0.0,0.0,1.0,0.0
1960,0.013416859980798609,-0.1642645095836249,-0.9361517274444162,1.3818962828920065,0.0,0.0,1.0,0.0
1961,0.4126108973891203,-0.1642645095836249,-0.4924511351160437,-0.028446402356390392,0.0,1.0,1.0,0.0
1962,-0.615077356999605,-0.1642645095836249,1.282351234197446,-0.6552653735779002,1.0,0.0,0.0,0.0
1963,0.6383480680450965,-0.1642645095836249,-0.04875054278767131,-0.18515114516176784,0.0,0.0,1.0,0.0
1964,-0.7491355674680878,-0.1642645095836249,0.3949500495407011,0.2849630832543645,0.0,0.0,1.0,0.0
1965,-0.8940541031904704,-0.1642645095836249,-0.4924511351160437,0.7550773116704967,0.0,0.0,1.0,0.0
1966,-0.7185759140722568,-0.1642645095836249,-0.9361517274444162,0.12825834044898704,1.0,0.0,1.0,0.0
1967,2.412692248564698,-0.1642645095836249,-0.04875054278767131,1.2251915400866291,0.0,1.0,1.0,0.0
1968,1.3969263701644803,-0.1642645095836249,-0.04875054278767131,-1.7521985732155423,0.0,1.0,1.0,0.0
1969,-0.5174714685189743,-0.1642645095836249,-0.4924511351160437,-0.6552653735779002,0.0,1.0,1.0,0.0
1970,-0.6190857420302242,-0.1642645095836249,1.282351234197446,-0.8119701163832775,0.0,1.0,1.0,0.0
1971,-0.6549899088002139,-0.1642645095836249,-0.4924511351160437,1.5386010256973839,1.0,0.0,1.0,0.0
1972,2.707565496073574,-0.1642645095836249,2.169752418854191,0.2849630832543645,0.0,0.0,1.0,0.0
1973,0.9826238045638249,-0.1642645095836249,0.3949500495407011,-0.6552653735779002,0.0,0.0,1.0,0.0
1974,0.98457660752746,-0.1642645095836249,-1.823552912101161,0.12825834044898704,1.0,0.0,0.0,0.0
1975,-0.7481762958368287,-0.1642645095836249,-0.9361517274444162,0.12825834044898704,1.0,0.0,1.0,0.0
1976,-0.4264091829515765,-0.1642645095836249,-0.9361517274444162,0.2849630832543645,0.0,1.0,0.0,0.0
1977,0.1305507780977787,-0.1642645095836249,-0.9361517274444162,-2.0656080588262973,0.0,0.0,1.0,0.0
1978,3.1789789834352717,-0.1642645095836249,-0.04875054278767131,-0.6552653735779002,0.0,1.0,0.0,0.0
1979,0.4289870345227608,-0.1642645095836249,0.8386506418690736,1.5386010256973839,1.0,0.0,1.0,0.0
1980,-0.5555682561604138,-0.1642645095836249,0.8386506418690736,-0.028446402356390392,0.0,0.0,1.0,0.0
1981,0.9842340105162959,-0.1642645095836249,-1.3798523197727885,1.2251915400866291,0.0,0.0,1.0,0.0
1982,0.038871817910285676,-0.1642645095836249,1.282351234197446,1.5386010256973839,0.0,1.0,1.0,0.0
1983,-0.005700053242153925,-0.1642645095836249,-1.823552912101161,0.2849630832543645,1.0,0.0,1.0,0.0
1984,4.163911130830727,-0.1642645095836249,-0.04875054278767131,1.2251915400866291,0.0,1.0,1.0,0.0
1985,-0.7542402629344319,-0.1642645095836249,-0.04875054278767131,-1.7521985732155423,1.0,0.0,1.0,0.0
1986,-0.7026451530531297,-0.1642645095836249,-0.4924511351160437,0.2849630832543645,0.0,1.0,0.0,0.0
1987,-0.6846930696681348,-0.1642645095836249,2.169752418854191,1.5386010256973839,0.0,1.0,0.0,0.0
1988,-0.02026042621662498,-0.1642645095836249,-1.3798523197727885,-0.8119701163832775,0.0,0.0,1.0,0.0
1989,-0.8244041308208241,-0.1642645095836249,-0.04875054278767131,-2.8491317728531844,0.0,0.0,1.0,0.0
1990,0.47691635638460794,-0.1642645095836249,-1.823552912101161,0.2849630832543645,0.0,1.0,1.0,0.0
1991,-0.13054240411032458,-0.1642645095836249,1.282351234197446,-0.028446402356390392,0.0,1.0,1.0,0.0
1992,1.468597664899994,-0.1642645095836249,0.3949500495407011,0.9117820544758742,0.0,1.0,1.0,0.0
1993,0.9287332947077237,-0.1642645095836249,-0.4924511351160437,0.5983725688651194,0.0,0.0,1.0,0.0
1994,-0.7537948868199187,-0.1642645095836249,0.3949500495407011,0.2849630832543645,0.0,1.0,1.0,0.0
1995,2.4039560247800145,-0.1642645095836249,2.613453011182563,0.2849630832543645,0.0,1.0,1.0,0.0
1996,-0.9710356515990267,-0.1642645095836249,1.282351234197446,1.3818962828920065,1.0,0.0,0.0,0.0
1997,2.895754034305972,-0.1642645095836249,0.8386506418690736,0.9117820544758742,1.0,0.0,0.0,0.0
1998,-0.8094326414329563,-0.1642645095836249,0.3949500495407011,-0.028446402356390392,0.0,0.0,1.0,0.0
1999,-0.9248535744941163,-0.1642645095836249,0.8386506418690736,-0.18515114516176784,0.0,1.0,1.0,0.0
2000,-1.0063574034500378,-0.1642645095836249,2.169752418854191,-0.028446402356390392,0.0,0.0,1.0,0.0
2001,0.4577994431616554,-0.1642645095836249,0.8386506418690736,-0.028446402356390392,1.0,0.0,0.0,0.0
2002,-0.4078404249464863,-0.1642645095836249,-0.04875054278767131,0.5983725688651194,1.0,0.0,1.0,0.0
2003,-0.1673030634082245,-0.1642645095836249,-1.823552912101161,0.4416678260597419,0.0,0.0,1.0,0.0
2004,-0.7586255046773314,-0.1642645095836249,-2.2672535044295334,-0.3418558879671453,0.0,0.0,1.0,0.0
2005,0.17012073288722362,-0.1642645095836249,-0.9361517274444162,-0.18515114516176784,0.0,0.0,1.0,0.0
2006,-0.92348318644946,-0.1642645095836249,-0.4924511351160437,1.5386010256973839,0.0,0.0,1.0,0.0
2007,0.09725034861263558,-0.1642645095836249,-0.9361517274444162,-1.7521985732155423,0.0,0.0,1.0,0.0
2008,-0.16456228731891226,-0.1642645095836249,-0.9361517274444162,-0.18515114516176784,1.0,0.0,1.0,0.0
2009,-0.9598327293339631,-0.1642645095836249,-0.4924511351160437,-2.8491317728531844,0.0,0.0,1.0,0.0
2010,-0.34117104657396713,-0.1642645095836249,-0.4924511351160437,-0.028446402356390392,1.0,0.0,0.0,0.0
2011,0.9866321895944442,-0.1642645095836249,0.3949500495407011,-0.028446402356390392,1.0,0.0,1.0,0.0
2012,0.4696190400468142,-0.1642645095836249,1.282351234197446,-0.6552653735779002,0.0,1.0,0.0,0.0
2013,0.7300955476348222,-0.1642645095836249,0.8386506418690736,-0.6552653735779002,0.0,1.0,0.0,0.0
2014,0.11780616928247707,-0.1642645095836249,-1.823552912101161,0.4416678260597419,0.0,0.0,1.0,0.0
2015,-0.33592931230315753,-0.1642645095836249,-0.04875054278767131,-2.692427030047807,0.0,1.0,1.0,0.0
2016,-0.289918533703829,-0.1642645095836249,-1.823552912101161,0.2849630832543645,0.0,1.0,1.0,0.0
2017,-0.09261691497446704,-0.1642645095836249,1.282351234197446,1.2251915400866291,0.0,1.0,1.0,0.0
2018,0.030067074723370262,-0.1642645095836249,0.3949500495407011,0.12825834044898704,0.0,0.0,1.0,0.0
2019,1.18341991280706,-0.1642645095836249,-0.9361517274444162,0.5983725688651194,0.0,0.0,0.0,0.0
2020,-0.682157851785521,-0.1642645095836249,0.3949500495407011,0.7550773116704967,1.0,0.0,1.0,0.0
2021,2.0261743005694446,-0.1642645095836249,1.282351234197446,-0.6552653735779002,0.0,1.0,1.0,0.0
2022,0.8231448958669715,-0.1642645095836249,0.3949500495407011,0.2849630832543645,0.0,1.0,1.0,0.0
2023,-0.19327191685445755,-0.1642645095836249,-0.04875054278767131,0.2849630832543645,0.0,0.0,1.0,0.0
2024,-0.5723212500063347,-0.1642645095836249,1.282351234197446,0.2849630832543645,0.0,0.0,1.0,0.0
2025,1.7222222322647218,-0.1642645095836249,-0.04875054278767131,-0.028446402356390392,1.0,0.0,0.0,0.0
2026,-0.9893645916963021,-0.1642645095836249,0.3949500495407011,-1.5954938304101647,0.0,1.0,1.0,0.0
2027,-0.9218387207958729,-0.1642645095836249,1.282351234197446,0.5983725688651194,0.0,0.0,1.0,0.0
2028,0.4581077804717029,-0.1642645095836249,-0.4924511351160437,0.2849630832543645,0.0,1.0,0.0,0.0
2029,2.013566730558609,-0.1642645095836249,-0.4924511351160437,-0.028446402356390392,0.0,0.0,0.0,0.0
2030,-0.336991363037766,-0.1642645095836249,-1.823552912101161,1.2251915400866291,0.0,0.0,1.0,0.0
2031,-0.8747658914619358,-0.1642645095836249,-0.04875054278767131,-0.028446402356390392,0.0,0.0,1.0,0.0
2032,-0.45063079164087305,-0.1642645095836249,0.8386506418690736,-0.18515114516176784,0.0,0.0,1.0,0.0
2033,0.20599063995609712,-0.1642645095836249,-1.823552912101161,0.7550773116704967,0.0,0.0,1.0,0.0
2034,0.9961906462059203,-0.1642645095836249,-2.2672535044295334,-1.5954938304101647,0.0,1.0,1.0,0.0
2035,-0.7700682448502099,-0.1642645095836249,-0.4924511351160437,0.5983725688651194,0.0,1.0,1.0,0.0
2036,-0.4633068810539419,-0.1642645095836249,1.282351234197446,1.2251915400866291,0.0,1.0,1.0,0.0
2037,0.9840284523095977,-0.1642645095836249,-1.3798523197727885,-0.6552653735779002,0.0,1.0,0.0,0.0
2038,-0.8888466286207773,-0.1642645095836249,-0.4924511351160437,1.3818962828920065,0.0,1.0,0.0,0.0
2039,0.6164903787328316,-0.1642645095836249,-0.4924511351160437,-0.3418558879671453,0.0,0.0,0.0,0.0
2040,1.1716003159219013,-0.1642645095836249,-1.3798523197727885,1.2251915400866291,1.0,0.0,1.0,0.0
2041,-0.8200531487790411,-0.1642645095836249,-0.9361517274444162,-0.6552653735779002,0.0,1.0,1.0,0.0
2042,1.6397248719764248,-0.1642645095836249,-0.4924511351160437,-0.028446402356390392,0.0,1.0,0.0,0.0
2043,-0.1673030634082245,-0.1642645095836249,1.282351234197446,-2.692427030047807,1.0,0.0,1.0,0.0
2044,-0.3733751656233854,-0.1642645095836249,1.282351234197446,0.2849630832543645,0.0,1.0,1.0,0.0
2045,1.294250045918622,-0.1642645095836249,-0.4924511351160437,0.12825834044898704,0.0,1.0,0.0,0.0
2046,-0.6946969023941244,-0.1642645095836249,-0.04875054278767131,-0.8119701163832775,1.0,0.0,0.0,0.0
2047,0.4371065836873482,-0.1642645095836249,-0.4924511351160437,0.12825834044898704,0.0,1.0,0.0,0.0
2048,-0.847289611166581,-0.1642645095836249,0.3949500495407011,1.3818962828920065,1.0,0.0,1.0,1.0
2049,1.942957486557703,-0.1642645095836249,0.3949500495407011,0.5983725688651194,1.0,0.0,0.0,0.0
2050,-0.77739982088912,-0.1642645095836249,0.8386506418690736,-2.0656080588262973,0.0,1.0,1.0,0.0
2051,-0.1227311922557849,-0.1642645095836249,-0.4924511351160437,0.12825834044898704,0.0,1.0,1.0,0.0
2052,-0.39184114452512636,-0.1642645095836249,-0.04875054278767131,-0.6552653735779002,0.0,0.0,1.0,0.0
2053,-0.8197448114689935,-0.1642645095836249,0.3949500495407011,-1.28208434479941,1.0,0.0,0.0,0.0
2054,-0.4821497166679633,-0.1642645095836249,-0.9361517274444162,1.3818962828920065,0.0,0.0,1.0,0.0
2055,-0.6061355750082239,-0.1642645095836249,0.3949500495407011,0.12825834044898704,0.0,0.0,1.0,0.0
2056,0.03777550747456082,-0.1642645095836249,-0.4924511351160437,-0.968674859188655,1.0,0.0,0.0,0.0
2057,0.7167685239005417,-0.1642645095836249,-2.2672535044295334,-0.6552653735779002,0.0,0.0,1.0,0.0
2058,0.10550693658168847,-0.1642645095836249,-1.3798523197727885,-0.18515114516176784,0.0,0.0,1.0,0.0
2059,1.708552611519277,-0.1642645095836249,1.7260518265258185,-0.028446402356390392,1.0,0.0,1.0,0.0
2060,-0.7712673343892839,-0.1642645095836249,-0.9361517274444162,0.2849630832543645,0.0,1.0,1.0,0.0
2061,-0.06164614516523913,-0.1642645095836249,0.3949500495407011,1.6953057685027615,0.0,0.0,1.0,0.0
2062,0.02263271958111087,-0.1642645095836249,-1.3798523197727885,-0.18515114516176784,0.0,1.0,1.0,0.0
2063,0.1842699894482978,-0.1642645095836249,0.8386506418690736,-0.18515114516176784,1.0,0.0,1.0,0.0
2064,-0.7246741408709766,-0.1642645095836249,1.282351234197446,-1.5954938304101647,1.0,0.0,1.0,0.0
2065,1.0514515441066776,-0.1642645095836249,-0.9361517274444162,-2.692427030047807,0.0,0.0,1.0,0.0
2066,-0.13324892049852044,-0.1642645095836249,0.3949500495407011,1.3818962828920065,0.0,0.0,1.0,0.0
2067,2.388025263760888,-0.1642645095836249,-0.04875054278767131,-0.028446402356390392,0.0,1.0,1.0,0.0
2068,-0.9802857709004555,-0.1642645095836249,2.613453011182563,-0.028446402356390392,1.0,0.0,0.0,0.0
2069,-0.8011075340616705,-0.1642645095836249,-0.04875054278767131,-0.028446402356390392,0.0,0.0,1.0,0.0
2070,0.5112788366043595,-0.1642645095836249,0.3949500495407011,0.7550773116704967,1.0,0.0,0.0,0.0
2071,-0.8018612474862313,-0.1642645095836249,-0.04875054278767131,-1.5954938304101647,0.0,0.0,1.0,0.0
2072,-0.7416669526247122,-0.1642645095836249,-0.4924511351160437,1.3818962828920065,0.0,1.0,1.0,0.0
2073,0.49219618308252333,-0.1642645095836249,0.8386506418690736,1.2251915400866291,1.0,0.0,0.0,0.0
2074,-0.4338435380938358,-0.1642645095836249,0.3949500495407011,-1.7521985732155423,1.0,0.0,1.0,0.0
2075,-0.8533535782641843,-0.1642645095836249,1.282351234197446,-0.028446402356390392,1.0,0.0,1.0,0.0
2076,0.0939956770065772,-0.1642645095836249,-0.04875054278767131,0.12825834044898704,1.0,0.0,1.0,0.0
2077,-0.5884575692321603,-0.1642645095836249,0.8386506418690736,1.5386010256973839,0.0,0.0,1.0,0.0
2078,0.7168370433027744,-0.1642645095836249,-1.3798523197727885,-0.18515114516176784,1.0,0.0,1.0,0.0
2079,1.5120389659155928,-0.1642645095836249,1.282351234197446,1.2251915400866291,1.0,0.0,1.0,0.0
2080,-0.4016394190444174,-0.1642645095836249,-0.4924511351160437,1.3818962828920065,0.0,1.0,0.0,0.0
2081,-0.2483615162496328,-0.1642645095836249,0.8386506418690736,0.2849630832543645,0.0,0.0,1.0,0.0
2082,0.21212312645593304,-0.1642645095836249,1.282351234197446,1.3818962828920065,0.0,1.0,1.0,0.0
2083,1.4487270382524808,-0.1642645095836249,0.3949500495407011,1.2251915400866291,1.0,0.0,1.0,0.0
2084,2.8057880591742994,-0.1642645095836249,-1.3798523197727885,1.2251915400866291,0.0,0.0,1.0,0.0
2085,-0.02101413964118593,-0.1642645095836249,-0.9361517274444162,0.7550773116704967,0.0,0.0,1.0,0.0
2086,3.0674636563013817,-0.1642645095836249,-0.04875054278767131,-0.6552653735779002,1.0,0.0,1.0,0.0
2087,-0.6829800846123146,-0.1642645095836249,-0.4924511351160437,0.2849630832543645,0.0,1.0,1.0,0.0
2088,-0.6753059115622405,-0.1642645095836249,-0.04875054278767131,-0.6552653735779002,1.0,0.0,0.0,0.0
2089,-0.8622953602555653,-0.1642645095836249,0.3949500495407011,-0.8119701163832775,1.0,0.0,1.0,0.0
2090,-0.1349276458532242,-0.1642645095836249,1.282351234197446,-0.028446402356390392,0.0,1.0,1.0,0.0
2091,2.6774512187922554,-0.1642645095836249,0.8386506418690736,-0.6552653735779002,0.0,1.0,1.0,0.0
2092,-0.034546721582164874,-0.1642645095836249,-1.3798523197727885,-2.0656080588262973,0.0,1.0,1.0,0.0
2093,0.697891428585404,-0.1642645095836249,-0.9361517274444162,-0.028446402356390392,0.0,1.0,0.0,0.0
2094,-0.9301295684660421,-0.1642645095836249,0.8386506418690736,0.2849630832543645,0.0,0.0,1.0,0.0
2095,0.4768135772812586,-0.1642645095836249,-1.3798523197727885,0.12825834044898704,0.0,0.0,1.0,0.0
2096,-0.017862247138476846,-0.1642645095836249,-1.3798523197727885,-1.28208434479941,0.0,0.0,1.0,0.0
2097,2.497073892414397,-0.1642645095836249,-0.9361517274444162,1.2251915400866291,1.0,0.0,1.0,0.0
2098,-0.9329046042564708,-0.1642645095836249,-0.9361517274444162,0.7550773116704967,0.0,1.0,1.0,0.0
2099,-0.596953975109028,-0.1642645095836249,-0.4924511351160437,-1.28208434479941,0.0,1.0,0.0,0.0
2100,-0.5415560384038052,-0.1642645095836249,0.3949500495407011,-2.692427030047807,1.0,0.0,1.0,0.0
2101,-0.844137718663872,-0.1642645095836249,-0.04875054278767131,1.2251915400866291,0.0,1.0,1.0,0.0
2102,-0.5986669601648482,-0.1642645095836249,1.282351234197446,0.2849630832543645,0.0,1.0,0.0,0.0
2103,-0.4666643317633494,-0.1642645095836249,-0.9361517274444162,0.12825834044898704,0.0,1.0,0.0,0.0
2104,-1.0109482033996358,-0.1642645095836249,0.3949500495407011,-1.28208434479941,0.0,1.0,1.0,0.0
2105,-0.9420519444545503,-0.1642645095836249,0.3949500495407011,-0.6552653735779002,0.0,0.0,1.0,0.0
2106,-0.58503159912052,-0.1642645095836249,-0.9361517274444162,-0.028446402356390392,1.0,0.0,1.0,0.0
2107,-0.8598971811774172,-0.1642645095836249,-0.4924511351160437,0.5983725688651194,0.0,1.0,1.0,0.0
2108,-0.18429587516196008,-0.1642645095836249,0.3949500495407011,-0.3418558879671453,1.0,0.0,1.0,0.0
2109,-0.2264010478340188,-0.1642645095836249,-0.9361517274444162,1.3818962828920065,1.0,0.0,0.0,0.0
2110,-0.41983132033722714,-0.1642645095836249,0.3949500495407011,-0.3418558879671453,0.0,1.0,1.0,0.0
2111,1.5935770545726304,-0.1642645095836249,0.8386506418690736,1.5386010256973839,0.0,0.0,1.0,0.0
2112,-0.902961625480735,-0.1642645095836249,-0.4924511351160437,1.5386010256973839,1.0,0.0,1.0,0.0
2113,-0.9649031650991908,-0.1642645095836249,-0.04875054278767131,-0.028446402356390392,1.0,0.0,1.0,0.0
2114,2.1547166991581865,-0.1642645095836249,1.282351234197446,-0.6552653735779002,0.0,0.0,1.0,0.0
2115,-0.6717771623472512,-0.1642645095836249,0.3949500495407011,1.2251915400866291,0.0,1.0,0.0,0.0
2116,0.04051628356387306,-0.1642645095836249,-0.9361517274444162,0.12825834044898704,1.0,0.0,1.0,0.0
2117,-0.1370174876213246,-0.1642645095836249,-1.823552912101161,1.6953057685027615,0.0,1.0,0.0,0.0
2118,1.538898571590852,-0.1642645095836249,0.3949500495407011,0.2849630832543645,1.0,0.0,0.0,0.0
2119,-0.7385835795242359,-0.1642645095836249,0.3949500495407011,-0.968674859188655,1.0,0.0,0.0,0.0
2120,0.6146060951714295,-0.1642645095836249,0.3949500495407011,-0.028446402356390392,0.0,1.0,1.0,0.0
2121,0.0771399040573073,-0.1642645095836249,1.282351234197446,-2.0656080588262973,1.0,0.0,1.0,0.0
2122,0.12263678713988972,-0.1642645095836249,-0.9361517274444162,1.2251915400866291,0.0,0.0,1.0,0.0
2123,-0.9842598962299581,-0.1642645095836249,1.282351234197446,0.12825834044898704,0.0,0.0,1.0,0.0
2124,1.5069685301503652,-0.1642645095836249,0.3949500495407011,-2.8491317728531844,1.0,0.0,0.0,0.0
2125,0.4075404616238929,-0.1642645095836249,0.8386506418690736,1.3818962828920065,0.0,1.0,1.0,0.0
2126,-0.7286482662004792,-0.1642645095836249,1.282351234197446,-0.028446402356390392,0.0,1.0,1.0,0.0
2127,-0.6805476458330502,-0.1642645095836249,-0.9361517274444162,0.2849630832543645,1.0,0.0,1.0,0.0
2128,-0.9574002905546987,-0.1642645095836249,-1.3798523197727885,-0.6552653735779002,0.0,0.0,0.0,0.0
2129,2.9367286368411896,-0.1642645095836249,2.169752418854191,-0.8119701163832775,0.0,0.0,1.0,0.0
2130,-0.2825184382626861,-0.1642645095836249,-0.4924511351160437,1.3818962828920065,0.0,1.0,1.0,0.0
2131,-0.2707331010786436,-0.1642645095836249,-1.3798523197727885,0.5983725688651194,1.0,0.0,0.0,0.0
2132,0.15172327338771546,-0.1642645095836249,-0.4924511351160437,-0.028446402356390392,0.0,0.0,1.0,0.0
2133,1.3509498512662679,-0.1642645095836249,-0.04875054278767131,0.2849630832543645,0.0,1.0,1.0,0.0
2134,-0.846775715649835,-0.1642645095836249,-0.9361517274444162,-0.028446402356390392,1.0,0.0,1.0,0.0
2135,0.489352627889862,-0.1642645095836249,1.282351234197446,0.12825834044898704,1.0,0.0,1.0,0.0
2136,0.00492045410393073,-0.1642645095836249,-0.4924511351160437,-0.8119701163832775,1.0,0.0,1.0,0.0
2137,-1.012763967558805,-0.1642645095836249,-0.4924511351160437,0.2849630832543645,0.0,0.0,1.0,0.0
2138,-0.42531287251585165,-0.1642645095836249,-1.823552912101161,1.2251915400866291,0.0,0.0,1.0,0.0
2139,0.48363125780342275,-0.1642645095836249,-0.4924511351160437,-0.028446402356390392,1.0,0.0,1.0,0.0
2140,0.7606552010306533,-0.1642645095836249,0.3949500495407011,-1.7521985732155423,0.0,1.0,0.0,0.0
2141,1.511148213686566,-0.1642645095836249,-0.04875054278767131,0.12825834044898704,0.0,1.0,1.0,0.0
2142,-0.5017462657065456,-0.1642645095836249,-1.3798523197727885,0.5983725688651194,0.0,1.0,1.0,0.0
2143,-0.7599616330208712,-0.1642645095836249,-0.9361517274444162,1.3818962828920065,1.0,0.0,1.0,0.0
2144,0.5033648456464705,-0.1642645095836249,-0.04875054278767131,-1.28208434479941,0.0,1.0,1.0,0.0
2145,-1.0014240064892757,-0.1642645095836249,-0.04875054278767131,-0.18515114516176784,0.0,1.0,1.0,0.0
2146,-0.6850699263804153,-0.1642645095836249,-0.4924511351160437,-0.6552653735779002,0.0,1.0,0.0,0.0
2147,-0.13924436819389088,-0.1642645095836249,-1.3798523197727885,-0.028446402356390392,1.0,0.0,1.0,0.0
2148,1.4980610078601004,-0.1642645095836249,0.8386506418690736,0.2849630832543645,1.0,0.0,0.0,0.0
2149,3.2661356630753997,-0.1642645095836249,0.8386506418690736,-0.8119701163832775,0.0,0.0,1.0,0.0
2150,-0.7308066273708126,-0.1642645095836249,0.8386506418690736,0.5983725688651194,1.0,0.0,1.0,0.0
2151,2.157868591660896,-0.1642645095836249,-0.04875054278767131,-0.028446402356390392,0.0,0.0,1.0,0.0
2152,-0.3258227004738187,-0.1642645095836249,-0.4924511351160437,-0.6552653735779002,0.0,0.0,0.0,0.0
2153,-0.4885562807767306,-0.1642645095836249,1.282351234197446,0.2849630832543645,1.0,0.0,1.0,0.0
2154,0.6301599994782761,-0.1642645095836249,-0.4924511351160437,0.2849630832543645,1.0,0.0,1.0,0.0
2155,-0.427128636675021,-0.1642645095836249,0.8386506418690736,0.7550773116704967,0.0,1.0,1.0,0.0
2156,-0.07538428531291669,-0.1642645095836249,-1.3798523197727885,1.2251915400866291,1.0,0.0,0.0,0.0
2157,-0.30968638124799325,-0.1642645095836249,-0.04875054278767131,-0.8119701163832775,0.0,1.0,1.0,0.0
2158,-0.5508061577052339,-0.1642645095836249,-1.3798523197727885,0.12825834044898704,1.0,0.0,1.0,0.0
2159,1.1182579612836625,-0.1642645095836249,-0.4924511351160437,0.5983725688651194,1.0,0.0,1.0,0.0
2160,-0.40499686975382493,-0.1642645095836249,1.7260518265258185,0.12825834044898704,0.0,1.0,1.0,0.0
2161,-0.9847737917467043,-0.1642645095836249,0.8386506418690736,-0.028446402356390392,0.0,0.0,1.0,0.0
2162,-0.9294443744437142,-0.1642645095836249,-0.9361517274444162,-0.6552653735779002,0.0,0.0,1.0,0.0
2163,0.07505006228920671,-0.1642645095836249,-0.4924511351160437,-0.6552653735779002,1.0,0.0,0.0,0.0
2164,-0.3945819206144386,-0.1642645095836249,-0.9361517274444162,0.2849630832543645,1.0,0.0,1.0,0.0
2165,1.4355713130237822,-0.1642645095836249,-0.9361517274444162,0.2849630832543645,0.0,0.0,1.0,0.0
2166,-0.25569309228854287,-0.1642645095836249,0.3949500495407011,0.12825834044898704,0.0,0.0,0.0,0.0
2167,-0.7462577525743102,-0.1642645095836249,-0.4924511351160437,-0.3418558879671453,0.0,0.0,1.0,0.0
2168,0.4573198073460256,-0.1642645095836249,2.613453011182563,-2.8491317728531844,1.0,0.0,1.0,0.0
2169,1.0094491505379681,-0.1642645095836249,1.282351234197446,1.2251915400866291,0.0,0.0,1.0,0.0
2170,-0.33370243173059133,-0.1642645095836249,2.613453011182563,-0.028446402356390392,1.0,0.0,0.0,0.0
2171,-0.00032128016687875725,-0.1642645095836249,0.3949500495407011,0.2849630832543645,1.0,0.0,0.0,0.0
2172,0.1653586344320437,-0.1642645095836249,0.8386506418690736,0.9117820544758742,0.0,0.0,1.0,0.0
2173,0.15857521361099597,-0.1642645095836249,-0.9361517274444162,-0.6552653735779002,0.0,1.0,1.0,0.0
2174,-0.9629503621355558,-0.1642645095836249,-0.4924511351160437,0.2849630832543645,0.0,1.0,0.0,0.0
2175,-0.4641976332829684,-0.1642645095836249,1.7260518265258185,-0.6552653735779002,1.0,0.0,1.0,0.0
2176,-0.895801347947407,-0.1642645095836249,-1.3798523197727885,0.5983725688651194,0.0,1.0,1.0,0.0
2177,0.196363663942388,-0.1642645095836249,0.8386506418690736,0.2849630832543645,0.0,0.0,1.0,0.0
2178,-0.8879558763917507,-0.1642645095836249,-0.04875054278767131,0.4416678260597419,0.0,0.0,1.0,0.0
2179,-0.8361894680048666,-0.1642645095836249,-0.4924511351160437,-0.028446402356390392,1.0,0.0,1.0,0.0
2180,0.6886070495828588,-0.1642645095836249,-1.823552912101161,1.2251915400866291,0.0,1.0,1.0,0.0
2181,-0.9739819858950374,-0.1642645095836249,-0.4924511351160437,-0.028446402356390392,0.0,0.0,1.0,0.0
2182,-0.36981215670727957,-0.1642645095836249,-0.4924511351160437,1.3818962828920065,0.0,0.0,1.0,0.0
2183,-0.14482869947586446,-0.1642645095836249,-0.4924511351160437,-1.28208434479941,0.0,0.0,1.0,0.0
2184,-0.22982701794565905,-0.1642645095836249,-0.4924511351160437,0.5983725688651194,1.0,0.0,0.0,0.0
2185,-0.20505725403849998,-0.1642645095836249,-0.04875054278767131,1.2251915400866291,0.0,0.0,1.0,0.0
2186,0.7371530460648011,-0.1642645095836249,2.169752418854191,0.12825834044898704,0.0,0.0,1.0,0.0
2187,-0.5009582925808683,-0.1642645095836249,-0.4924511351160437,-1.28208434479941,0.0,0.0,1.0,0.0
2188,-0.7283056691893152,-0.1642645095836249,-1.3798523197727885,-2.692427030047807,0.0,0.0,0.0,0.0
2189,0.5031935471408887,-0.1642645095836249,0.3949500495407011,-0.028446402356390392,0.0,1.0,1.0,0.0
2190,-0.3885179535168353,-0.1642645095836249,-0.04875054278767131,-0.18515114516176784,0.0,0.0,1.0,0.0
2191,1.9927368322798358,-0.1642645095836249,1.282351234197446,0.5983725688651194,0.0,1.0,0.0,0.0
2192,-0.8277615815302316,-0.1642645095836249,-0.9361517274444162,0.2849630832543645,1.0,0.0,0.0,0.0
2193,-0.8314273695496867,-0.1642645095836249,-1.3798523197727885,-0.8119701163832775,0.0,0.0,0.0,0.0
2194,2.569807237884519,-0.1642645095836249,-0.04875054278767131,-0.028446402356390392,0.0,1.0,1.0,0.0
2195,0.3293940833773788,-0.1642645095836249,0.3949500495407011,1.3818962828920065,0.0,1.0,1.0,0.0
2196,-0.8176207099997764,-0.1642645095836249,-1.3798523197727885,0.7550773116704967,0.0,1.0,1.0,0.0
2197,0.7467800220785105,-0.1642645095836249,-0.4924511351160437,-0.8119701163832775,0.0,0.0,1.0,0.0
2198,0.11838858420145577,-0.1642645095836249,1.282351234197446,-1.5954938304101647,0.0,0.0,1.0,0.0
2199,-0.4099302667145869,-0.1642645095836249,-1.823552912101161,-0.6552653735779002,0.0,1.0,1.0,0.0
2200,-0.7842517611124005,-0.1642645095836249,1.7260518265258185,-0.968674859188655,0.0,1.0,1.0,0.0
2201,3.8848658652376287,-0.1642645095836249,0.3949500495407011,-2.692427030047807,0.0,1.0,1.0,0.0
2202,-0.19721178248284385,-0.1642645095836249,0.3949500495407011,0.2849630832543645,0.0,1.0,1.0,0.0
2203,-0.44281957978633324,-0.1642645095836249,-0.04875054278767131,-0.6552653735779002,0.0,0.0,1.0,0.0
2204,0.607000441523588,-0.1642645095836249,0.8386506418690736,0.2849630832543645,0.0,1.0,1.0,0.0
2205,0.5279633110480475,-0.1642645095836249,-1.3798523197727885,0.12825834044898704,0.0,1.0,1.0,0.0
2206,-0.1841245766563781,-0.1642645095836249,0.8386506418690736,0.9117820544758742,1.0,0.0,1.0,0.0
2207,-0.9998138005368049,-0.1642645095836249,0.3949500495407011,0.5983725688651194,1.0,0.0,1.0,0.0
2208,0.4710236877925866,-0.1642645095836249,0.8386506418690736,-0.3418558879671453,0.0,1.0,1.0,0.0
2209,-0.5817769275144618,-0.1642645095836249,-0.9361517274444162,0.7550773116704967,0.0,0.0,1.0,0.0
2210,-0.9402704399964974,-0.1642645095836249,-0.04875054278767131,0.2849630832543645,0.0,1.0,0.0,0.0
2211,0.8505869164612098,-0.1642645095836249,0.3949500495407011,0.7550773116704967,1.0,0.0,1.0,0.0
2212,-0.9468825623119631,-0.1642645095836249,0.8386506418690736,-0.6552653735779002,0.0,1.0,1.0,0.0
2213,0.43145373300314166,-0.1642645095836249,-0.4924511351160437,0.2849630832543645,1.0,0.0,0.0,0.0
2214,-0.5327170355157734,-0.1642645095836249,-0.9361517274444162,-0.3418558879671453,0.0,1.0,0.0,0.0
2215,3.822170612194612,-0.1642645095836249,-0.9361517274444162,-0.18515114516176784,0.0,0.0,1.0,0.0
2216,-0.6284729001361183,-0.1642645095836249,-0.4924511351160437,0.2849630832543645,0.0,0.0,1.0,0.0
2217,-0.07404815696937685,-0.1642645095836249,-0.04875054278767131,-1.7521985732155423,0.0,1.0,0.0,0.0
2218,1.0041046371638092,-0.1642645095836249,0.3949500495407011,-1.7521985732155423,1.0,0.0,1.0,0.0
2219,-0.49736102396364607,-0.1642645095836249,0.3949500495407011,-0.028446402356390392,0.0,0.0,1.0,0.0
2220,0.3363488027040084,-0.1642645095836249,0.8386506418690736,-2.0656080588262973,1.0,0.0,0.0,0.0
2221,1.0879723854967625,-0.1642645095836249,2.169752418854191,0.2849630832543645,0.0,1.0,1.0,0.0
2222,-0.30756227977877626,-0.1642645095836249,-0.4924511351160437,-0.6552653735779002,0.0,1.0,0.0,0.0
2223,-0.26405245936094507,-0.1642645095836249,0.3949500495407011,0.2849630832543645,0.0,0.0,1.0,0.0
2224,-0.05523958105647185,-0.1642645095836249,-0.4924511351160437,1.2251915400866291,0.0,0.0,1.0,0.0
2225,-0.8211494592147659,-0.1642645095836249,0.3949500495407011,-0.968674859188655,1.0,0.0,0.0,0.0
2226,-0.9151238193770579,-0.1642645095836249,-0.9361517274444162,0.2849630832543645,1.0,0.0,0.0,0.0
2227,2.9291572428944646,-0.1642645095836249,0.3949500495407011,-0.028446402356390392,1.0,0.0,1.0,0.0
2228,0.5327254095032274,-0.1642645095836249,0.8386506418690736,-0.028446402356390392,1.0,0.0,1.0,0.0
2229,0.4346741449080837,-0.1642645095836249,0.8386506418690736,1.3818962828920065,0.0,1.0,1.0,0.0
2230,-0.2370558148812199,-0.1642645095836249,-0.4924511351160437,0.9117820544758742,0.0,0.0,1.0,0.0
2231,-0.7894249759809772,-0.1642645095836249,-0.4924511351160437,0.2849630832543645,0.0,1.0,1.0,0.0
2232,-0.04352276327466234,-0.1642645095836249,-0.4924511351160437,0.2849630832543645,0.0,1.0,1.0,0.0
2233,-0.6129189958292717,-0.1642645095836249,-1.3798523197727885,0.9117820544758742,0.0,1.0,1.0,0.0
2234,-0.2612774235705165,-0.1642645095836249,0.8386506418690736,-1.28208434479941,0.0,0.0,1.0,0.0
2235,-0.1551408695119016,-0.1642645095836249,-0.9361517274444162,0.2849630832543645,0.0,0.0,0.0,0.0
2236,-0.8179290473098241,-0.1642645095836249,-0.4924511351160437,-0.6552653735779002,0.0,1.0,0.0,0.0
2237,-0.3525795270457291,-0.1642645095836249,-0.4924511351160437,0.5983725688651194,0.0,1.0,1.0,0.0
2238,0.4657134341195442,-0.1642645095836249,-0.9361517274444162,1.2251915400866291,1.0,0.0,1.0,0.0
2239,-0.40883395627886204,-0.1642645095836249,0.3949500495407011,1.3818962828920065,0.0,0.0,1.0,0.0
2240,-0.3081446946977551,-0.1642645095836249,-0.4924511351160437,-0.3418558879671453,0.0,1.0,1.0,0.0
2241,-0.2075924719211138,-0.1642645095836249,0.3949500495407011,1.2251915400866291,0.0,1.0,1.0,0.0
2242,2.987432994493465,-0.1642645095836249,-1.823552912101161,-0.18515114516176784,0.0,1.0,1.0,0.0
2243,0.1714226015296469,-0.1642645095836249,-0.4924511351160437,0.12825834044898704,0.0,1.0,0.0,0.0
2244,0.754008819014071,-0.1642645095836249,0.3949500495407011,0.9117820544758742,0.0,0.0,1.0,0.0
2245,-0.8953559718328937,-0.1642645095836249,1.282351234197446,1.2251915400866291,1.0,0.0,1.0,0.0
2246,-0.860136999085232,-0.1642645095836249,-0.04875054278767131,-0.3418558879671453,0.0,0.0,1.0,0.0
2247,-0.30876136931785036,-0.1642645095836249,-0.4924511351160437,0.7550773116704967,0.0,0.0,1.0,0.0
2248,-0.3353811570852951,-0.1642645095836249,-1.3798523197727885,-0.18515114516176784,0.0,0.0,1.0,0.0
2249,0.03527454929306338,-0.1642645095836249,-0.9361517274444162,-0.6552653735779002,0.0,1.0,0.0,0.0
2250,0.36327692778150084,-0.1642645095836249,-0.4924511351160437,-0.6552653735779002,1.0,0.0,1.0,0.0
2251,-0.9508224279403493,-0.1642645095836249,-0.04875054278767131,0.5983725688651194,0.0,0.0,1.0,0.0
2252,-0.20906563906911912,-0.1642645095836249,0.3949500495407011,-0.968674859188655,0.0,0.0,1.0,0.0
2253,-1.0184510779441278,-0.1642645095836249,-0.04875054278767131,0.2849630832543645,0.0,0.0,1.0,0.0
2254,-0.9706245351856301,-0.1642645095836249,-0.04875054278767131,-0.6552653735779002,0.0,0.0,1.0,0.0
2255,-0.22352323294024098,-0.1642645095836249,-0.04875054278767131,0.2849630832543645,1.0,0.0,0.0,0.0
2256,0.06830090116927533,-0.1642645095836249,-0.9361517274444162,0.7550773116704967,0.0,1.0,1.0,0.0
2257,-0.7637302001436753,-0.1642645095836249,-0.04875054278767131,-0.18515114516176784,0.0,0.0,1.0,0.0
2258,-0.7968250714221202,-0.1642645095836249,-0.4924511351160437,-0.028446402356390392,0.0,1.0,0.0,0.0
2259,-1.0180057018296147,-0.1642645095836249,-0.4924511351160437,0.2849630832543645,1.0,0.0,1.0,0.0
2260,0.22795110837171098,-0.1642645095836249,0.8386506418690736,1.6953057685027615,0.0,0.0,1.0,0.0
2261,0.14572782569234502,-0.1642645095836249,0.3949500495407011,0.2849630832543645,1.0,0.0,1.0,0.0
2262,-0.9653828009148204,-0.1642645095836249,1.282351234197446,1.3818962828920065,1.0,0.0,1.0,0.0
2263,-0.25672088332203497,-0.1642645095836249,0.3949500495407011,0.5983725688651194,0.0,1.0,1.0,0.0
2264,1.1670437756734195,-0.1642645095836249,-0.04875054278767131,-0.6552653735779002,1.0,0.0,1.0,0.0
2265,-0.19316913775110833,-0.1642645095836249,-0.4924511351160437,0.9117820544758742,0.0,0.0,1.0,0.0
2266,-0.4331583440715078,-0.1642645095836249,1.282351234197446,-0.18515114516176784,0.0,1.0,1.0,0.0
2267,3.6420673634256846,-0.1642645095836249,-0.4924511351160437,-0.028446402356390392,1.0,0.0,1.0,0.0
2268,-0.8905596136765974,-0.1642645095836249,-0.04875054278767131,-0.028446402356390392,0.0,1.0,0.0,0.0
2269,-0.9312601386028836,-0.1642645095836249,-0.9361517274444162,0.5983725688651194,0.0,1.0,1.0,0.0
2270,1.6862838057936156,-0.1642645095836249,0.8386506418690736,0.12825834044898704,0.0,0.0,1.0,0.0
2271,0.03856348060023814,-0.1642645095836249,-0.04875054278767131,1.5386010256973839,1.0,0.0,0.0,0.0
2272,3.9635946584031214,-0.1642645095836249,-0.9361517274444162,0.7550773116704967,0.0,0.0,1.0,0.0
2273,1.7451077126104788,-0.1642645095836249,-0.04875054278767131,0.2849630832543645,0.0,1.0,1.0,0.0
2274,0.23028076804762637,-0.1642645095836249,-0.4924511351160437,1.3818962828920065,0.0,1.0,1.0,0.0
2275,0.6619872618154141,-0.1642645095836249,0.3949500495407011,0.2849630832543645,0.0,0.0,1.0,0.0
2276,2.4796699642472646,-0.1642645095836249,1.282351234197446,0.5983725688651194,1.0,0.0,1.0,0.0
2277,0.046888587971523774,-0.1642645095836249,1.282351234197446,0.2849630832543645,1.0,0.0,1.0,0.0
2278,-0.7282371497870824,-0.1642645095836249,-0.9361517274444162,-0.028446402356390392,0.0,0.0,1.0,0.0
2279,0.03479491347743379,-0.1642645095836249,-0.04875054278767131,0.5983725688651194,1.0,0.0,1.0,0.0
2280,0.12359605877114908,-0.1642645095836249,-1.3798523197727885,1.6953057685027615,0.0,1.0,1.0,0.0
2281,1.0013981207756135,6.087742279417393,2.169752418854191,0.12825834044898704,1.0,0.0,1.0,0.0
2282,0.2551875707592509,-0.1642645095836249,-1.3798523197727885,0.5983725688651194,1.0,0.0,1.0,0.0
2283,0.7033729807640282,6.087742279417393,1.282351234197446,0.12825834044898704,0.0,1.0,0.0,0.0
2284,-0.6638974310904785,-0.1642645095836249,-0.4924511351160437,1.3818962828920065,0.0,0.0,1.0,0.0
2285,-0.7816822835286702,-0.1642645095836249,-0.04875054278767131,-0.6552653735779002,0.0,0.0,1.0,0.0
2286,-0.6413202880547693,-0.1642645095836249,1.282351234197446,-0.028446402356390392,0.0,0.0,0.0,0.0
2287,-0.07517872710621827,-0.1642645095836249,-0.04875054278767131,0.2849630832543645,1.0,0.0,0.0,0.0
2288,0.13161282883238717,-0.1642645095836249,-0.04875054278767131,0.12825834044898704,0.0,1.0,1.0,0.0
2289,-0.15688811426883809,-0.1642645095836249,-0.04875054278767131,0.2849630832543645,0.0,0.0,1.0,0.0
2290,0.12496644681580511,-0.1642645095836249,-0.4924511351160437,-0.18515114516176784,1.0,0.0,1.0,0.0
2291,-0.8398895157254381,-0.1642645095836249,1.282351234197446,-0.028446402356390392,0.0,1.0,1.0,0.0
2292,2.512113901204497,-0.1642645095836249,-1.823552912101161,-0.028446402356390392,0.0,0.0,1.0,0.0
2293,-0.5352179936972707,-0.1642645095836249,1.282351234197446,0.4416678260597419,0.0,1.0,1.0,0.0
2294,-0.2942695157456121,-0.1642645095836249,0.3949500495407011,0.12825834044898704,0.0,1.0,0.0,0.0
2295,-0.8091928235251414,-0.1642645095836249,-1.823552912101161,-0.028446402356390392,1.0,0.0,1.0,0.0
2296,0.036439379131021174,-0.1642645095836249,-1.823552912101161,-0.6552653735779002,0.0,0.0,1.0,0.0
2297,-0.6378600582420126,-0.1642645095836249,1.7260518265258185,0.12825834044898704,1.0,0.0,1.0,0.0
2298,1.2946611623320188,-0.1642645095836249,1.282351234197446,1.3818962828920065,0.0,0.0,1.0,0.0
2299,-0.9177275566619046,-0.1642645095836249,-0.4924511351160437,-0.028446402356390392,0.0,0.0,1.0,0.0
2300,0.014170573405359557,-0.1642645095836249,-2.2672535044295334,1.2251915400866291,0.0,1.0,1.0,0.0
2301,-0.010222333789519028,-0.1642645095836249,-1.3798523197727885,0.9117820544758742,1.0,0.0,1.0,0.0
2302,-0.6549213893979811,-0.1642645095836249,0.3949500495407011,-0.6552653735779002,0.0,0.0,0.0,0.0
2303,0.2875287286131349,-0.1642645095836249,-0.04875054278767131,0.2849630832543645,0.0,1.0,1.0,0.0
2304,2.8955142163981575,-0.1642645095836249,-0.9361517274444162,0.5983725688651194,0.0,1.0,0.0,0.0
2305,-1.0001563975479688,-0.1642645095836249,2.613453011182563,0.12825834044898704,1.0,0.0,1.0,0.0
2306,-0.3032112977369931,-0.1642645095836249,-1.3798523197727885,-0.6552653735779002,0.0,0.0,1.0,0.0
2307,0.7681580755751453,-0.1642645095836249,-0.04875054278767131,-0.6552653735779002,0.0,0.0,1.0,0.0
2308,0.996156386504804,-0.1642645095836249,-1.3798523197727885,1.3818962828920065,0.0,1.0,1.0,0.0
2309,-0.5170603521055775,-0.1642645095836249,0.3949500495407011,-2.8491317728531844,0.0,1.0,1.0,0.0
2310,-0.414795144273116,-0.1642645095836249,-0.9361517274444162,-0.028446402356390392,0.0,1.0,0.0,0.0
2311,-0.8231022621784009,-0.1642645095836249,-0.9361517274444162,0.2849630832543645,0.0,1.0,1.0,0.0
2312,-0.009674178571656698,-0.1642645095836249,-0.04875054278767131,1.2251915400866291,0.0,1.0,1.0,0.0
2313,1.9998285904109316,-0.1642645095836249,-1.3798523197727885,-2.0656080588262973,0.0,1.0,1.0,0.0
2314,-0.46251890792826467,-0.1642645095836249,1.282351234197446,-0.18515114516176784,1.0,0.0,1.0,0.0
2315,-0.8271791666112528,-0.1642645095836249,-1.3798523197727885,-0.6552653735779002,1.0,0.0,1.0,0.0
2316,0.7775452336810396,-0.1642645095836249,-0.9361517274444162,-2.0656080588262973,0.0,0.0,1.0,0.0
2317,0.8147170093923363,-0.1642645095836249,-1.3798523197727885,-0.028446402356390392,1.0,0.0,1.0,0.0
2318,-0.824815247234221,-0.1642645095836249,2.169752418854191,-0.028446402356390392,0.0,0.0,1.0,0.0
2319,-0.5538210114034773,-0.1642645095836249,-0.4924511351160437,0.5983725688651194,1.0,0.0,1.0,0.0
2320,-0.858184196121597,-0.1642645095836249,2.613453011182563,-1.7521985732155423,1.0,0.0,0.0,0.0
2321,-0.5945557960308798,-0.1642645095836249,-0.04875054278767131,-2.8491317728531844,1.0,0.0,0.0,0.0
2322,1.7311297545549864,-0.1642645095836249,1.282351234197446,0.12825834044898704,0.0,0.0,1.0,0.0
2323,-0.3577870016154223,-0.1642645095836249,-0.4924511351160437,1.3818962828920065,0.0,0.0,1.0,0.0
2324,0.8356839464755746,-0.1642645095836249,0.8386506418690736,-0.18515114516176784,1.0,0.0,0.0,0.0
2325,-0.9504455712280688,-0.1642645095836249,-0.4924511351160437,-0.028446402356390392,0.0,0.0,1.0,0.0
2326,-0.8962809837630366,-0.1642645095836249,-1.823552912101161,-0.6552653735779002,1.0,0.0,0.0,0.0
2327,-0.08343531507527116,-0.1642645095836249,1.282351234197446,0.12825834044898704,1.0,0.0,1.0,0.0
2328,1.2534124821878705,-0.1642645095836249,0.8386506418690736,-2.8491317728531844,0.0,0.0,1.0,0.0
2329,0.1585066942087632,-0.1642645095836249,-0.4924511351160437,1.3818962828920065,1.0,0.0,1.0,0.0
2330,-0.7818535820342523,-0.1642645095836249,-1.3798523197727885,0.5983725688651194,1.0,0.0,1.0,0.0
2331,-0.7611264628588288,6.087742279417393,-0.4924511351160437,0.12825834044898704,0.0,0.0,1.0,0.0
2332,0.40099685871065993,-0.1642645095836249,1.7260518265258185,0.2849630832543645,1.0,0.0,1.0,0.0
2333,-0.7222074423905954,-0.1642645095836249,2.169752418854191,1.6953057685027615,1.0,0.0,1.0,0.0
2334,2.769164438680866,-0.1642645095836249,-0.04875054278767131,0.9117820544758742,0.0,0.0,1.0,0.0
2335,-0.9712412098057251,-0.1642645095836249,-1.3798523197727885,-1.28208434479941,1.0,0.0,1.0,0.0
2336,-0.8025807012096758,-0.1642645095836249,-1.823552912101161,-1.28208434479941,1.0,0.0,0.0,0.0
2337,1.0575155112042807,-0.1642645095836249,-0.9361517274444162,-1.28208434479941,1.0,0.0,1.0,0.0
2338,-1.0042333019808207,-0.1642645095836249,-1.3798523197727885,-1.28208434479941,1.0,0.0,1.0,0.0
2339,-0.0294077664147045,-0.1642645095836249,0.8386506418690736,0.7550773116704967,0.0,1.0,1.0,0.0
2340,0.14079442873158307,-0.1642645095836249,0.3949500495407011,-0.6552653735779002,1.0,0.0,1.0,0.0
2341,-0.6847273293692512,-0.1642645095836249,0.8386506418690736,-0.968674859188655,1.0,0.0,1.0,0.0
2342,2.478916250822704,-0.1642645095836249,-0.9361517274444162,-2.8491317728531844,0.0,0.0,1.0,0.0
2343,-0.9249563535974654,-0.1642645095836249,0.3949500495407011,1.6953057685027615,0.0,0.0,0.0,0.0
2344,-0.04598946175504322,-0.1642645095836249,2.613453011182563,0.5983725688651194,0.0,0.0,1.0,0.0
2345,-0.7584542061717494,-0.1642645095836249,0.8386506418690736,1.5386010256973839,1.0,0.0,1.0,0.0
2346,0.12743314529618618,-0.1642645095836249,2.169752418854191,0.4416678260597419,1.0,0.0,0.0,0.0
2347,0.9829664015749889,-0.1642645095836249,2.613453011182563,0.4416678260597419,0.0,0.0,1.0,0.0
2348,0.46108837446882994,-0.1642645095836249,-0.4924511351160437,-0.6552653735779002,1.0,0.0,1.0,0.0
2349,-0.5585831098586572,-0.1642645095836249,-0.9361517274444162,-0.028446402356390392,0.0,1.0,1.0,0.0
2350,-0.808302071296115,-0.1642645095836249,0.3949500495407011,-0.968674859188655,0.0,0.0,1.0,0.0
2351,-0.9772366575010956,-0.1642645095836249,1.7260518265258185,0.12825834044898704,1.0,0.0,1.0,0.0
2352,-0.2889592620725697,-0.1642645095836249,-1.3798523197727885,-0.3418558879671453,1.0,0.0,1.0,0.0
2353,-0.8998782523802589,-0.1642645095836249,-1.3798523197727885,-0.8119701163832775,1.0,0.0,1.0,0.0
2354,2.267602414336733,-0.1642645095836249,-0.04875054278767131,0.7550773116704967,1.0,0.0,1.0,0.0
2355,0.13048225869554597,-0.1642645095836249,-2.2672535044295334,1.2251915400866291,0.0,1.0,1.0,0.0
2356,0.432926900151147,-0.1642645095836249,1.282351234197446,-0.028446402356390392,0.0,0.0,1.0,0.0
2357,0.2185296905647003,-0.1642645095836249,-0.4924511351160437,-0.6552653735779002,0.0,1.0,0.0,0.0
2358,-0.263024668327453,-0.1642645095836249,-0.9361517274444162,-1.28208434479941,1.0,0.0,1.0,0.0
2359,1.438106530906396,6.087742279417393,0.8386506418690736,-0.028446402356390392,0.0,1.0,0.0,0.0
2360,0.37180759335948504,-0.1642645095836249,-1.3798523197727885,0.5983725688651194,0.0,0.0,1.0,0.0
2361,0.44618540448319477,-0.1642645095836249,0.3949500495407011,-0.6552653735779002,0.0,0.0,1.0,0.0
2362,0.4077802795317077,-0.1642645095836249,-0.4924511351160437,-1.28208434479941,0.0,1.0,0.0,0.0
2363,-0.9445186429349314,-0.1642645095836249,-0.04875054278767131,-0.6552653735779002,0.0,0.0,1.0,0.0
2364,1.4394083995488194,-0.1642645095836249,2.613453011182563,-0.968674859188655,0.0,1.0,0.0,0.0
2365,0.32918852517068037,-0.1642645095836249,-1.823552912101161,-0.028446402356390392,0.0,0.0,1.0,0.0
2366,-0.05373215420735015,-0.1642645095836249,0.3949500495407011,0.4416678260597419,1.0,0.0,1.0,0.0
2367,-0.19782845710293911,-0.1642645095836249,1.282351234197446,1.2251915400866291,0.0,0.0,1.0,0.0
2368,-0.204714657027336,-0.1642645095836249,2.613453011182563,-0.6552653735779002,1.0,0.0,1.0,0.0
2369,0.5539664241953971,-0.1642645095836249,-0.4924511351160437,0.2849630832543645,0.0,1.0,0.0,0.0
2370,-0.34637852114366025,-0.1642645095836249,0.3949500495407011,1.3818962828920065,1.0,0.0,1.0,0.0
2371,-0.9468140429097301,-0.1642645095836249,0.8386506418690736,-0.6552653735779002,0.0,0.0,1.0,0.0
2372,-0.6932922546483518,-0.1642645095836249,-0.9361517274444162,0.4416678260597419,0.0,1.0,1.0,0.0
2373,0.16196692402151983,-0.1642645095836249,1.282351234197446,0.5983725688651194,1.0,0.0,1.0,0.0
2374,-0.5754731425090437,-0.1642645095836249,-0.9361517274444162,-0.028446402356390392,0.0,0.0,0.0,0.0
2375,-0.9629161024344393,-0.1642645095836249,0.3949500495407011,0.5983725688651194,0.0,0.0,1.0,0.0
2376,-0.07048514805327111,-0.1642645095836249,-1.3798523197727885,0.4416678260597419,0.0,0.0,0.0,0.0
2377,-0.9749412575262968,-0.1642645095836249,0.8386506418690736,1.3818962828920065,1.0,0.0,1.0,0.0
2378,-0.3377108167612104,-0.1642645095836249,0.3949500495407011,0.5983725688651194,0.0,0.0,1.0,0.0
2379,1.3255291530378974,-0.1642645095836249,-0.9361517274444162,1.6953057685027615,1.0,0.0,1.0,0.0
2380,3.0016507704567728,-0.1642645095836249,-0.4924511351160437,-0.6552653735779002,0.0,1.0,0.0,0.0
2381,-0.8622268408533325,-0.1642645095836249,0.3949500495407011,-0.6552653735779002,0.0,0.0,1.0,0.0
2382,1.5901168247598738,-0.1642645095836249,-0.04875054278767131,-0.8119701163832775,0.0,0.0,1.0,0.0
2383,0.11575058721549285,-0.1642645095836249,-1.3798523197727885,0.7550773116704967,0.0,0.0,1.0,0.0
2384,1.045627394916889,-0.1642645095836249,-0.4924511351160437,-1.28208434479941,1.0,0.0,1.0,0.0
2385,-0.79987418482148,-0.1642645095836249,-0.4924511351160437,-0.18515114516176784,1.0,0.0,0.0,0.0
2386,-0.8229652233739353,-0.1642645095836249,-1.3798523197727885,0.2849630832543645,0.0,1.0,1.0,0.0
2387,-0.6953135770142196,-0.1642645095836249,-0.4924511351160437,-0.18515114516176784,0.0,0.0,0.0,0.0
2388,-0.48660347781309565,-0.1642645095836249,-0.04875054278767131,-0.028446402356390392,1.0,0.0,0.0,0.0
2389,0.013005743567401763,-0.1642645095836249,-0.4924511351160437,0.4416678260597419,0.0,1.0,0.0,0.0
2390,-0.5525534024621704,-0.1642645095836249,1.282351234197446,-0.6552653735779002,0.0,1.0,1.0,0.0
2391,-1.0045073795897521,-0.1642645095836249,1.7260518265258185,1.2251915400866291,0.0,0.0,1.0,0.0
2392,0.451050282041724,-0.1642645095836249,1.282351234197446,0.2849630832543645,0.0,1.0,1.0,0.0
2393,-0.5449134891132127,-0.1642645095836249,1.282351234197446,-0.028446402356390392,1.0,0.0,0.0,0.0
2394,-0.9063875955923753,-0.1642645095836249,-0.04875054278767131,-1.7521985732155423,1.0,0.0,1.0,0.0
2395,-0.7578375315516542,-0.1642645095836249,-1.3798523197727885,-0.968674859188655,0.0,1.0,1.0,0.0
2396,-0.9328018251531216,-0.1642645095836249,1.282351234197446,1.3818962828920065,0.0,0.0,1.0,0.0
2397,0.11414038126302203,-0.1642645095836249,-1.823552912101161,0.2849630832543645,0.0,0.0,1.0,0.0
2398,-0.4934896777374925,-0.1642645095836249,-1.823552912101161,0.4416678260597419,0.0,1.0,1.0,0.0
2399,-0.2740220323858182,-0.1642645095836249,-1.823552912101161,0.9117820544758742,0.0,1.0,1.0,0.0
2400,-0.5683813843779484,-0.1642645095836249,0.3949500495407011,0.4416678260597419,1.0,0.0,0.0,0.0
2401,2.245984542932283,-0.1642645095836249,-0.4924511351160437,-0.028446402356390392,0.0,1.0,1.0,0.0
2402,-0.784902695433612,-0.1642645095836249,0.3949500495407011,-0.6552653735779002,0.0,1.0,1.0,0.0
2403,4.095425988299039,-0.1642645095836249,0.3949500495407011,0.12825834044898704,0.0,0.0,1.0,0.0
2404,0.5927826655602811,6.087742279417393,0.3949500495407011,1.2251915400866291,1.0,0.0,1.0,0.0
2405,0.30065019414071714,-0.1642645095836249,-0.4924511351160437,0.7550773116704967,1.0,0.0,1.0,0.0
2406,-0.7635589016380934,-0.1642645095836249,0.8386506418690736,-0.6552653735779002,0.0,1.0,1.0,0.0
2407,0.1864968700208639,-0.1642645095836249,-0.4924511351160437,-0.6552653735779002,0.0,1.0,0.0,0.0
2408,-0.07442501368165733,-0.1642645095836249,2.169752418854191,0.2849630832543645,0.0,0.0,1.0,0.0
2409,-0.7079896664272886,-0.1642645095836249,1.7260518265258185,0.12825834044898704,0.0,0.0,0.0,0.0
2410,-0.31294105285405144,-0.1642645095836249,-0.9361517274444162,-1.28208434479941,0.0,0.0,1.0,0.0
2411,-0.6195311181447374,-0.1642645095836249,2.613453011182563,1.2251915400866291,0.0,0.0,1.0,0.0
2412,-0.7060711231647699,-0.1642645095836249,-0.04875054278767131,0.9117820544758742,0.0,0.0,1.0,0.0
2413,0.6568140469468373,-0.1642645095836249,-0.9361517274444162,-1.28208434479941,1.0,0.0,1.0,0.0
2414,4.682397447526362,-0.1642645095836249,-1.3798523197727885,-0.028446402356390392,1.0,0.0,1.0,0.0
2415,0.40048296319391397,-0.1642645095836249,0.3949500495407011,-0.6552653735779002,0.0,1.0,0.0,0.0
2416,0.06007857290133881,-0.1642645095836249,0.3949500495407011,0.9117820544758742,1.0,0.0,1.0,0.0
2417,-0.9223183566115025,-0.1642645095836249,-1.3798523197727885,1.2251915400866291,1.0,0.0,1.0,0.0
2418,0.5428662810336827,-0.1642645095836249,0.3949500495407011,0.5983725688651194,1.0,0.0,1.0,0.0
2419,-0.06979995403094291,-0.1642645095836249,2.169752418854191,0.2849630832543645,1.0,0.0,1.0,0.0
2420,-0.8316671874575015,-0.1642645095836249,-0.4924511351160437,0.2849630832543645,0.0,1.0,1.0,0.0
2421,-0.9170423626395764,-0.1642645095836249,-0.9361517274444162,0.4416678260597419,0.0,1.0,0.0,0.0
2422,-0.5636878053250012,-0.1642645095836249,-0.04875054278767131,-0.6552653735779002,0.0,1.0,1.0,0.0
2423,0.11808024689140824,-0.1642645095836249,-1.3798523197727885,0.2849630832543645,0.0,0.0,1.0,0.0
2424,-0.9704189769789316,-0.1642645095836249,-0.04875054278767131,0.5983725688651194,0.0,1.0,0.0,0.0
2425,0.5849029343035085,-0.1642645095836249,-0.04875054278767131,0.12825834044898704,0.0,1.0,1.0,0.0
2426,0.9749496315137507,-0.1642645095836249,1.282351234197446,1.2251915400866291,1.0,0.0,1.0,0.0
2427,-0.17806060955877484,-0.1642645095836249,-0.04875054278767131,-0.028446402356390392,1.0,0.0,1.0,0.0
2428,2.3444126642397074,-0.1642645095836249,-0.04875054278767131,-1.28208434479941,0.0,1.0,0.0,0.0
2429,-0.733136287046728,-0.1642645095836249,0.8386506418690736,-0.028446402356390392,0.0,0.0,1.0,0.0
2430,0.11520243199763051,-0.1642645095836249,-0.04875054278767131,1.3818962828920065,1.0,0.0,0.0,0.0
2431,-0.8225883666616548,-0.1642645095836249,1.282351234197446,0.5983725688651194,0.0,1.0,0.0,0.0
2432,-0.7263528662256803,-0.1642645095836249,0.8386506418690736,1.6953057685027615,0.0,0.0,1.0,0.0
2433,-0.47975153758981515,-0.1642645095836249,-0.04875054278767131,-0.18515114516176784,1.0,0.0,1.0,0.0
2434,-0.23054647166910341,-0.1642645095836249,-0.4924511351160437,0.12825834044898704,0.0,1.0,1.0,0.0
2435,0.02852538817313219,-0.1642645095836249,-0.04875054278767131,-2.0656080588262973,0.0,0.0,1.0,0.0
2436,2.21011463586341,-0.1642645095836249,-1.3798523197727885,0.2849630832543645,0.0,1.0,1.0,0.0
2437,-0.6210042852927427,-0.1642645095836249,0.3949500495407011,0.12825834044898704,1.0,0.0,1.0,0.0
2438,0.8226310003502255,-0.1642645095836249,0.3949500495407011,0.2849630832543645,0.0,1.0,0.0,0.0
2439,0.8242069466015798,-0.1642645095836249,1.282351234197446,-1.7521985732155423,1.0,0.0,0.0,0.0
2440,-0.2677525070815166,-0.1642645095836249,0.3949500495407011,-1.7521985732155423,0.0,1.0,1.0,0.0
2441,-0.8084391101005806,-0.1642645095836249,1.282351234197446,0.7550773116704967,0.0,1.0,1.0,0.0
2442,-0.8182031249187552,-0.1642645095836249,-0.4924511351160437,0.5983725688651194,0.0,1.0,1.0,0.0
2443,0.8240699077971143,-0.1642645095836249,0.8386506418690736,1.3818962828920065,0.0,0.0,1.0,0.0
2444,-0.4129793801139467,-0.1642645095836249,-1.3798523197727885,1.2251915400866291,1.0,0.0,1.0,0.0
2445,0.36115282631228385,-0.1642645095836249,1.282351234197446,-1.7521985732155423,0.0,1.0,1.0,0.0
2446,1.4463288591743326,6.087742279417393,1.282351234197446,-0.3418558879671453,1.0,0.0,1.0,0.0
2447,-0.46036054675793137,-0.1642645095836249,0.3949500495407011,0.7550773116704967,0.0,1.0,1.0,0.0
2448,-0.18755054676801836,-0.1642645095836249,2.613453011182563,-0.028446402356390392,0.0,1.0,1.0,0.0
2449,-0.021836372467979426,-0.1642645095836249,-0.9361517274444162,-1.28208434479941,0.0,1.0,0.0,0.0
2450,-0.8259115576699458,-0.1642645095836249,-0.4924511351160437,0.9117820544758742,0.0,0.0,1.0,0.0
2451,-0.348742440520692,-0.1642645095836249,0.3949500495407011,-0.028446402356390392,0.0,1.0,1.0,0.0
2452,-0.7908296237267498,-0.1642645095836249,1.282351234197446,-0.028446402356390392,1.0,0.0,0.0,0.0
2453,-0.3655296940677292,-0.1642645095836249,-0.9361517274444162,0.12825834044898704,0.0,1.0,1.0,0.0
2454,-0.6530028461354624,-0.1642645095836249,0.3949500495407011,0.9117820544758742,1.0,0.0,1.0,0.0
2455,1.2272380705349386,-0.1642645095836249,-0.9361517274444162,0.9117820544758742,0.0,0.0,1.0,0.0
2456,-0.6526259894231821,-0.1642645095836249,-0.9361517274444162,1.2251915400866291,0.0,1.0,0.0,0.0
2457,-0.745743857057564,-0.1642645095836249,-0.4924511351160437,0.7550773116704967,0.0,0.0,1.0,0.0
2458,0.45646331481811553,-0.1642645095836249,-0.9361517274444162,1.5386010256973839,1.0,0.0,1.0,0.0
2459,-0.2132795823064366,-0.1642645095836249,-0.9361517274444162,-1.7521985732155423,1.0,0.0,1.0,0.0
2460,-0.7237148692397173,-0.1642645095836249,0.3949500495407011,-0.18515114516176784,1.0,0.0,0.0,0.0
2461,0.13839624965343494,-0.1642645095836249,-0.4924511351160437,0.12825834044898704,0.0,0.0,1.0,0.0
2462,0.957682742151084,-0.1642645095836249,0.8386506418690736,-0.028446402356390392,1.0,0.0,0.0,0.0
2463,-0.28868518446363844,-0.1642645095836249,-0.4924511351160437,0.9117820544758742,0.0,0.0,1.0,0.0
2464,-0.8327634978932263,-0.1642645095836249,1.282351234197446,-0.18515114516176784,1.0,0.0,1.0,0.0
2465,-0.6765050011013146,-0.1642645095836249,-0.4924511351160437,0.4416678260597419,1.0,0.0,1.0,0.0
2466,2.008736112701196,-0.1642645095836249,-0.9361517274444162,1.2251915400866291,0.0,1.0,0.0,0.0
2467,-0.7804146745873634,-0.1642645095836249,-0.9361517274444162,-0.18515114516176784,1.0,0.0,0.0,0.0
2468,1.6148180692648002,-0.1642645095836249,0.8386506418690736,-0.18515114516176784,1.0,0.0,1.0,0.0
2469,-0.40417463692703126,-0.1642645095836249,1.282351234197446,1.2251915400866291,0.0,1.0,1.0,0.0
2470,0.43960754186884565,-0.1642645095836249,0.3949500495407011,0.12825834044898704,0.0,0.0,1.0,0.0
2471,-0.11735241918050973,-0.1642645095836249,-0.04875054278767131,0.4416678260597419,0.0,0.0,1.0,0.0
2472,-0.6323099866611555,-0.1642645095836249,1.282351234197446,1.2251915400866291,0.0,1.0,0.0,0.0
2473,-0.9817931977495773,-0.1642645095836249,-0.04875054278767131,-0.028446402356390392,0.0,1.0,1.0,0.0
2474,1.9444991731079413,-0.1642645095836249,-0.9361517274444162,0.5983725688651194,1.0,0.0,1.0,0.0
2475,-0.4987999314105349,-0.1642645095836249,0.3949500495407011,-2.8491317728531844,0.0,0.0,1.0,0.0
2476,-0.09319932989344594,-0.1642645095836249,0.3949500495407011,0.12825834044898704,0.0,0.0,1.0,0.0
2477,-0.17535409317057907,-0.1642645095836249,-0.4924511351160437,0.5983725688651194,0.0,0.0,1.0,0.0
2478,0.13445638402504853,-0.1642645095836249,-0.4924511351160437,-1.7521985732155423,0.0,0.0,1.0,0.0
2479,-0.12382750269150976,-0.1642645095836249,1.282351234197446,1.3818962828920065,0.0,1.0,0.0,0.0
2480,-0.6770188966180606,-0.1642645095836249,0.8386506418690736,-1.7521985732155423,0.0,1.0,0.0,0.0
2481,0.3532045756532785,-0.1642645095836249,0.3949500495407011,-0.6552653735779002,0.0,1.0,1.0,0.0
2482,0.39013653345676047,-0.1642645095836249,-1.3798523197727885,1.6953057685027615,0.0,0.0,1.0,0.0
2483,-0.3184911244349087,-0.1642645095836249,-0.04875054278767131,-0.6552653735779002,0.0,1.0,1.0,0.0
2484,0.4247045718832105,-0.1642645095836249,-0.4924511351160437,-0.028446402356390392,0.0,1.0,1.0,0.0
2485,-0.35703328819086144,-0.1642645095836249,-0.9361517274444162,0.5983725688651194,0.0,0.0,1.0,0.0
2486,0.2721803825129867,-0.1642645095836249,2.613453011182563,0.12825834044898704,0.0,0.0,1.0,0.0
2487,-0.8342024053401152,-0.1642645095836249,-0.04875054278767131,0.2849630832543645,1.0,0.0,0.0,0.0
2488,-0.9575373293591641,-0.1642645095836249,-0.04875054278767131,-1.28208434479941,0.0,0.0,1.0,0.0
2489,0.3803725186385857,-0.1642645095836249,-0.04875054278767131,1.6953057685027615,0.0,1.0,0.0,0.0
2490,-0.4641976332829684,-0.1642645095836249,1.282351234197446,-1.28208434479941,1.0,0.0,1.0,0.0
2491,-0.4532002692246032,-0.1642645095836249,-0.4924511351160437,0.2849630832543645,0.0,0.0,1.0,0.0
2492,-0.10316890291831896,-0.1642645095836249,-0.4924511351160437,-2.8491317728531844,0.0,0.0,1.0,0.0
2493,1.9161664002846763,-0.1642645095836249,1.282351234197446,-0.18515114516176784,1.0,0.0,1.0,0.0
2494,0.4669810430608511,-0.1642645095836249,1.282351234197446,-2.8491317728531844,0.0,1.0,1.0,0.0
2495,-0.0903557747007844,-0.1642645095836249,0.8386506418690736,-1.28208434479941,0.0,0.0,0.0,0.0
2496,0.034555095569619,-0.1642645095836249,0.3949500495407011,0.5983725688651194,0.0,1.0,0.0,0.0
2497,0.17327262538993268,-0.1642645095836249,1.282351234197446,-2.0656080588262973,0.0,0.0,1.0,0.0
2498,-0.871888076568158,-0.1642645095836249,0.3949500495407011,0.4416678260597419,1.0,0.0,1.0,0.0
2499,0.891390220490845,-0.1642645095836249,-0.4924511351160437,-0.6552653735779002,1.0,0.0,0.0,0.0
2500,0.0959484799702123,-0.1642645095836249,-1.3798523197727885,-1.5954938304101647,0.0,0.0,1.0,0.0
2501,-0.21160085695173284,-0.1642645095836249,-0.4924511351160437,0.5983725688651194,0.0,1.0,0.0,0.0
2502,1.0481626127995027,-0.1642645095836249,0.3949500495407011,-2.8491317728531844,0.0,1.0,1.0,0.0
2503,-0.09367896570907554,-0.1642645095836249,1.282351234197446,1.2251915400866291,0.0,0.0,1.0,0.0
2504,-0.5968511960056788,-0.1642645095836249,-0.9361517274444162,-0.968674859188655,0.0,1.0,1.0,0.0
2505,0.9576484824499676,-0.1642645095836249,-0.9361517274444162,-0.6552653735779002,0.0,0.0,1.0,0.0
2506,-0.7035359052821561,-0.1642645095836249,0.3949500495407011,1.2251915400866291,1.0,0.0,1.0,0.0
2507,1.9138024809076444,-0.1642645095836249,1.7260518265258185,0.12825834044898704,1.0,0.0,0.0,0.0
2508,-0.1577788664978646,-0.1642645095836249,1.282351234197446,1.2251915400866291,1.0,0.0,1.0,0.0
2509,-0.9214618640835924,-0.1642645095836249,0.8386506418690736,-0.028446402356390392,1.0,0.0,1.0,0.0
2510,-0.3824197267181157,6.087742279417393,-0.9361517274444162,0.4416678260597419,0.0,1.0,1.0,0.0
2511,-0.18676257364234106,-0.1642645095836249,-0.4924511351160437,0.12825834044898704,0.0,1.0,0.0,0.0
